Date,Price,Open,High,Low
2022/4/14,985,999.29,1012.71,982.19
2022/4/13,1022.37,981.08,1026.24,973.1
2022/4/12,986.95,997.64,1021.19,976.6
2022/4/11,975.93,980.4,1008.47,974.64
2022/4/10,NaN,NaN,NaN,NaN
2022/4/9,NaN,NaN,NaN,NaN
2022/4/8,1025.49,1043.21,1048.44,1022.43
2022/4/7,1057.26,1052.39,1076.59,1021.54
2022/4/6,1045.76,1073.47,1079,1027.7
2022/4/5,1091.26,1136.3,1152.87,1087.3
2022/4/4,1145.45,1089.38,1149.91,1072.53
2022/4/3,NaN,NaN,NaN,NaN
2022/4/2,NaN,NaN,NaN,NaN
2022/4/1,1084.59,1081.15,1094.75,1066.64
2022/3/31,1077.6,1094.57,1103.14,1076.64
2022/3/30,1093.99,1091.17,1113.95,1084
2022/3/29,1099.57,1107.99,1114.77,1073.11
2022/3/28,1091.84,1065.1,1097.88,1053.6
2022/3/27,NaN,NaN,NaN,NaN
2022/3/26,NaN,NaN,NaN,NaN
2022/3/25,1010.64,1008,1021.8,997.32
2022/3/24,1013.92,1009.73,1024.49,988.8
2022/3/23,999.11,979.94,1040.7,976.4
2022/3/22,993.98,930,997.86,921.75
2022/3/21,921.16,914.98,942.85,907.09
2022/3/20,NaN,NaN,NaN,NaN
2022/3/19,NaN,NaN,NaN,NaN
2022/3/18,905.39,874.49,907.85,867.39
2022/3/17,871.6,830.99,875,825.72
2022/3/16,840.23,809,842,802.26
2022/3/15,801.89,775.27,805.57,756.57
2022/3/14,766.37,780.61,800.7,756.04
2022/3/13,NaN,NaN,NaN,NaN
2022/3/12,NaN,NaN,NaN,NaN
2022/3/11,795.35,840.2,843.8,793.77
2022/3/10,838.3,851.45,854.45,810.36
2022/3/9,858.97,839.48,860.56,832.01
2022/3/8,824.4,795.53,849.99,782.17
2022/3/7,804.58,856.3,866.14,804.57
2022/3/4,NaN,NaN,NaN,NaN
2022/3/3,NaN,NaN,NaN,NaN
2022/3/2,879.89,872.13,886.48,844.27
2022/3/1,864.37,869.68,889.88,853.78
2022/2/28,870.43,815.01,876.86,814.71
2022/2/25,809.87,809.23,819.5,782.4
2022/2/24,800.77,700.39,802.48,700
2022/2/23,NaN,NaN,NaN,NaN
2022/2/22,NaN,NaN,NaN,NaN
2022/2/18,856.98,886,886.87,837.61
2022/2/17,876.35,913.26,918.5,874.1
2022/2/16,923.39,914.05,926.43,901.21
2022/2/15,922.43,900,923,893.38
2022/2/14,875.76,861.57,898.88,853.15
2022/2/11,NaN,NaN,NaN,NaN
2022/2/10,NaN,NaN,NaN,NaN
2022/2/9,932,935,946.27,920
2022/2/8,922,905.53,926.29,894.8
2022/2/7,907.34,923.79,947.77,902.71
2022/2/4,923.32,897.22,936.5,881.17
2022/2/3,891.14,882,937,880.52
2022/2/2,NaN,NaN,NaN,NaN
2022/2/1,NaN,NaN,NaN,NaN
2022/1/31,936.72,872.71,937.99,862.05
2022/1/28,846.35,831.56,857.5,792.01
2022/1/27,829.1,933.36,935.39,829
2022/1/26,937.41,952.43,987.69,906
2022/1/25,918.4,914.2,951.26,903.21
2022/1/24,NaN,NaN,NaN,NaN
2022/1/21,NaN,NaN,NaN,NaN
2022/1/20,996.27,1009.73,1041.66,994
2022/1/19,995.65,1041.7,1054.67,995
2022/1/18,1030.51,1026.6,1070.79,1016.06
2022/1/14,1049.61,1019.88,1052,1013.38
2022/1/13,1031.56,1109.06,1115.6,1026.54
2022/1/12,NaN,NaN,NaN,NaN
2022/1/11,NaN,NaN,NaN,NaN
2022/1/10,1058.12,1000,1059.1,980
2022/1/7,1026.96,1080.37,1080.93,1010
2022/1/6,1064.7,1077,1088,1020.5
2022/1/5,1088.12,1146.65,1170.34,1081.01
2022/1/4,1149.59,1189.55,1208,1123.05
2022/1/3,NaN,NaN,NaN,NaN
2021/12/31,NaN,NaN,NaN,NaN
2021/12/30,1070.34,1061.33,1095.55,1053.15
2021/12/29,1086.19,1098.64,1104,1064.14
2021/12/28,1088.47,1109.49,1119,1078.42
2021/12/27,1093.94,1073.67,1117,1070.72
2021/12/23,1067,1006.8,1072.98,997.56
2021/12/22,NaN,NaN,NaN,NaN
2021/12/21,NaN,NaN,NaN,NaN
2021/12/20,899.94,910.7,921.69,893.39
2021/12/17,932.57,914.77,960.66,909.04
2021/12/16,926.92,994.5,994.98,921.85
2021/12/15,975.99,953.21,978.75,928.25
2021/12/14,958.51,945,966.41,930
2021/12/13,NaN,NaN,NaN,NaN
2021/12/10,NaN,NaN,NaN,NaN
2021/12/9,1003.8,1060.64,1062.49,1002.36
2021/12/8,1068.96,1052.71,1072.38,1033
2021/12/7,1051.75,1044.2,1057.67,1026.81
2021/12/6,1009.01,1001.51,1021.64,950.5
2021/12/3,1014.97,1084.79,1090.58,1000.21
2021/12/2,NaN,NaN,NaN,NaN
2021/12/1,NaN,NaN,NaN,NaN
2021/11/30,1144.76,1144.37,1168,1118
2021/11/29,1136.99,1100.99,1142.67,1100.19
2021/11/26,1081.92,1099.47,1108.78,1081
2021/11/24,1116,1080.39,1132.77,1062
2021/11/23,1109.03,1167.51,1180.5,1062.7
2021/11/22,NaN,NaN,NaN,NaN
2021/11/19,NaN,NaN,NaN,NaN
2021/11/18,1096.38,1106.55,1112,1075.02
2021/11/17,1089.01,1063.51,1119.64,1055.5
2021/11/16,1054.73,1003.31,1057.2,1002.18
2021/11/15,1013.39,1017.63,1031.98,978.6
2021/11/12,1033.42,1047.5,1054.5,1019.2
2021/11/11,NaN,NaN,NaN,NaN
2021/11/10,NaN,NaN,NaN,NaN
2021/11/9,1023.5,1173.6,1174.5,1011.52
2021/11/8,1162.94,1149.79,1197,1133
2021/11/5,1222.09,1228,1239.87,1208
2021/11/4,1229.91,1234.41,1243.49,1217
2021/11/3,1213.86,1177.33,1215.39,1152.62
2021/11/2,NaN,NaN,NaN,NaN
2021/11/1,NaN,NaN,NaN,NaN
2021/10/29,1114,1081.86,1115.21,1073.2
2021/10/28,1077.04,1068.31,1081,1054.2
2021/10/27,1037.86,1039.66,1070.88,1030.78
2021/10/26,1018.43,1024.69,1094.94,1001.44
2021/10/25,1024.86,950.53,1045.02,944.2
2021/10/22,NaN,NaN,NaN,NaN
2021/10/21,NaN,NaN,NaN,NaN
2021/10/20,865.8,865.35,869.49,857.38
2021/10/19,864.27,877.53,877.95,862.51
2021/10/18,870.11,851.79,875.26,851.47
2021/10/15,843.03,823.74,843.21,822.35
2021/10/14,818.32,815.49,820.25,813.35
2021/10/13,NaN,NaN,NaN,NaN
2021/10/12,NaN,NaN,NaN,NaN
2021/10/11,791.94,787.65,801.24,785.5
2021/10/8,785.49,796.21,796.38,780.91
2021/10/7,793.61,785.46,805,783.38
2021/10/6,782.75,776.2,786.66,773.22
2021/10/5,780.59,784.8,797.31,774.2
2021/10/4,NaN,NaN,NaN,NaN
2021/10/1,NaN,NaN,NaN,NaN
2021/9/30,775.48,781,789.13,775
2021/9/29,781.31,779.8,793.5,770.68
2021/9/28,777.56,787.2,795.64,766.18
2021/9/27,791.36,773.12,799,769.31
2021/9/24,774.39,745.89,774.8,744.56
2021/9/23,NaN,NaN,NaN,NaN
2021/9/22,NaN,NaN,NaN,NaN
2021/9/21,739.38,734.79,744.74,730.44
2021/9/20,730.17,734.56,742,718.62
2021/9/17,759.49,757.15,761.04,750
2021/9/16,756.99,752.83,758.91,747.61
2021/9/15,755.83,745,756.86,738.36
2021/9/14,NaN,NaN,NaN,NaN
2021/9/13,NaN,NaN,NaN,NaN
2021/9/10,736.27,759.6,762.61,734.52
2021/9/9,754.86,753.41,762.1,751.63
2021/9/8,753.87,761.58,764.45,740.77
2021/9/7,752.92,740,760.2,739.26
2021/9/3,733.57,732.25,734,724.2
2021/9/2,NaN,NaN,NaN,NaN
2021/9/1,NaN,NaN,NaN,NaN
2021/8/31,735.72,733,740.39,726.44
2021/8/30,730.91,714.72,731,712.73
2021/8/27,711.92,705,715,702.1
2021/8/26,701.16,708.31,715.4,697.62
2021/8/25,711.2,707.03,716.97,704
2021/8/24,NaN,NaN,NaN,NaN
2021/8/23,NaN,NaN,NaN,NaN
2021/8/20,680.26,682.85,692.13,673.7
2021/8/19,673.47,678.21,686.55,667.59
2021/8/18,688.99,669.75,695.77,669.35
2021/8/17,665.71,672.66,674.58,648.84
2021/8/16,686.17,705.07,709.5,676.4
2021/8/13,717.17,723.71,729.9,714.34
2021/8/12,722.25,706.34,722.8,699.4
2021/8/11,707.82,712.71,715.18,704.21
2021/8/10,709.99,713.76,716.4,702.05
2021/8/9,713.76,710.16,718.9,705.13
2021/8/6,699.1,711.9,716.33,697.63
2021/8/5,714.63,716,720.93,711.6
2021/8/4,710.92,710.8,724.71,709
2021/8/3,709.74,719.1,722.25,701.13
2021/8/2,709.67,699.35,726.85,698.57
2021/7/30,687.2,671.76,697.53,669
2021/7/29,677.35,649.6,683.47,649.4
2021/7/28,646.98,647.25,654.91,639.84
2021/7/27,644.78,663,666.31,627.27
2021/7/26,657.62,650.24,668.16,647.11
2021/7/23,643.38,646.36,648.8,637.3
2021/7/22,649.26,656.44,662.17,644.6
2021/7/21,655.29,659.61,664.86,650.29
2021/7/20,660.5,651.99,662.39,640.5
2021/7/19,646.22,629.89,647.2,621.29
2021/7/16,644.22,654.68,656.7,642.2
2021/7/15,650.6,657.79,666,637.99
2021/7/14,653.38,671,678.34,652.98
2021/7/13,668.54,686.95,692.86,666.33
2021/7/12,685.7,662.87,687.08,662.87
2021/7/9,656.95,653.18,658.91,644.69
2021/7/8,652.81,628.37,654.43,620.46
2021/7/7,644.65,664.27,665.7,638.32
2021/7/6,659.58,681.71,684,651.4
2021/7/2,678.9,678.98,700,673.26
2021/7/1,677.92,683.92,687.99,672.8
2021/6/30,679.7,679.77,692.81,678.14
2021/6/29,680.76,684.65,687.51,675.89
2021/6/28,688.72,671.64,694.7,670.32
2021/6/25,671.87,689.58,693.81,668.7
2021/6/24,679.82,674.99,697.62,667.61
2021/6/23,656.57,632,657.2,630.04
2021/6/22,623.71,618.25,628.57,615.5
2021/6/21,620.83,624.48,631.39,608.88
2021/6/18,623.31,613.37,628.35,611.8
2021/6/17,616.6,601.89,621.47,601.34
2021/6/16,604.87,597.53,608.5,593.5
2021/6/15,599.36,616.69,616.79,598.23
2021/6/14,617.69,612.23,625.49,609.18
2021/6/11,609.89,610.23,612.56,601.52
2021/6/10,610.12,603.88,616.59,600.5
2021/6/9,598.78,602.17,611.79,597.63
2021/6/8,603.59,623.01,623.09,595.5
2021/6/7,605.13,591.83,610,582.88
2021/6/4,599.05,579.71,600.61,577.2
2021/6/3,572.84,601.8,604.55,571.22
2021/6/2,605.12,620.13,623.36,599.14
2021/6/1,623.9,627.8,633.8,620.55
2021/5/28,625.22,628.5,635.59,622.38
2021/5/27,630.85,620.24,631.13,616.21
2021/5/26,619.13,607.56,626.17,601.5
2021/5/25,604.69,607.31,613.99,595.71
2021/5/24,606.44,581.6,614.48,573.65
2021/5/21,580.88,596.11,596.68,580
2021/5/20,586.78,575,588.85,571.07
2021/5/19,563.46,552.55,566.21,546.98
2021/5/18,577.87,568,596.25,563.38
2021/5/17,576.83,575.55,589.73,561.2
2021/5/14,589.74,583.41,592.87,570.46
2021/5/13,571.69,601.54,606.46,559.65
2021/5/12,589.89,602.49,620.41,586.76
2021/5/11,617.2,599.24,627.1,595.6
2021/5/10,629.04,664.9,665.05,627.61
2021/5/7,672.37,665.8,690,660.22
2021/5/6,663.54,680.76,681.02,650
2021/5/5,670.94,681.06,685.3,667.34
2021/5/4,673.6,678.94,683.45,657.7
2021/5/3,684.9,703.8,706,680.5
2021/4/30,709.44,667.59,715.47,666.14
2021/4/29,677,699.51,702.25,668.5
2021/4/28,694.4,696.41,708.5,693.6
2021/4/27,704.74,717.96,724,703.35
2021/4/26,738.2,741,749.3,732.61
2021/4/23,729.4,719.8,737.36,715.46
2021/4/22,719.69,741.5,753.77,718.04
2021/4/21,744.12,704.77,744.84,698
2021/4/20,718.99,717.42,737.25,710.68
2021/4/19,714.63,719.6,725.4,691.8
2021/4/16,739.78,728.65,749.41,724.6
2021/4/15,738.85,743.1,743.69,721.31
2021/4/14,732.23,770.7,780.79,728.03
2021/4/13,762.32,712.7,763,710.66
2021/4/12,701.98,685.7,704.8,682.09
2021/4/9,677.02,677.77,680.97,669.43
2021/4/8,683.8,677.38,689.55,671.64
2021/4/7,670.97,687,691.38,667.84
2021/4/6,691.62,690.3,696.55,681.37
2021/4/5,691.05,707.71,708.16,684.7
2021/4/1,661.75,688.37,692.42,659.42
2021/3/31,667.93,646.62,672,641.11
2021/3/30,635.62,601.75,637.66,591.01
2021/3/29,611.29,615.64,616.48,596.02
2021/3/26,618.71,641.87,643.82,599.89
2021/3/25,640.39,613,645.5,609.5
2021/3/24,630.27,667.91,668.02,630.11
2021/3/23,662.16,675.77,677.8,657.51
2021/3/22,670,684.59,699.62,668.75
2021/3/19,654.87,646.6,657.23,624.62
2021/3/18,653.16,684.29,689.23,652
2021/3/17,701.81,656.87,703.73,651.01
2021/3/16,676.88,703.35,707.92,671
2021/3/15,707.94,694.09,713.18,684.04
2021/3/12,693.73,670,694.88,666.14
2021/3/11,699.6,699.4,702.5,677.18
2021/3/10,668.06,700.3,717.85,655.06
2021/3/9,673.58,608.18,678.09,595.21
2021/3/8,563,600.55,620.12,558.79
2021/3/5,597.95,626.06,627.84,539.49
2021/3/4,621.44,655.8,668.45,600
2021/3/3,653.2,687.99,700.7,651.71
2021/3/2,686.44,718.28,721.11,685
2021/3/1,718.43,690.11,719,685.05
2021/2/26,675.5,700,706.7,659.51
2021/2/25,682.22,726.15,737.21,670.58
2021/2/24,742.02,711.85,745,694.17
2021/2/23,698.84,662.13,713.61,619
2021/2/22,714.5,762.64,768.5,710.2
2021/2/19,781.3,795,796.79,777.37
2021/2/18,787.38,780.9,794.69,776.27
2021/2/17,798.15,779.09,799.84,762.01
2021/2/16,796.22,818,821,792.44
2021/2/12,816.12,801.26,817.33,785.33
2021/2/11,811.66,812.44,829.88,801.73
2021/2/10,804.82,843.63,844.82,800.02
2021/2/9,849.46,855.12,859.8,841.75
2021/2/8,863.42,869.67,877.77,854.75
2021/2/5,852.23,845,864.77,838.97
2021/2/4,849.99,855,856.5,833.42
2021/2/3,854.69,877.02,878.08,853.06
2021/2/2,872.79,844.68,880.5,842.2
2021/2/1,839.81,814.29,842,795.56
2021/1/29,793.53,830,842.41,780.1
2021/1/28,835.43,820,848,801
2021/1/27,864.16,870.35,891.5,858.66
2021/1/26,883.09,891.38,895.9,871.6
2021/1/25,880.8,855,900.4,838.82
2021/1/22,846.64,834.31,848,828.62
2021/1/21,844.99,855,855.72,841.42
2021/1/20,850.45,858.74,859.5,837.28
2021/1/19,844.55,837.8,850,833
2021/1/15,826.16,852,859.9,819.1
2021/1/14,845,843.39,863,838.75
2021/1/13,854.41,852.76,860.47,832
2021/1/12,849.44,831,868,827.34
2021/1/11,811.19,849.4,854.43,803.62
2021/1/8,880.02,856,884.49,838.39
2021/1/7,816.04,777.63,816.99,775.2
2021/1/6,755.98,758.49,774,749.1
2021/1/5,735.11,723.66,740.84,719.2
2021/1/4,729.77,719.46,744.49,717.19
2020/12/31,705.67,699.99,718.72,691.12
2020/12/30,694.78,672,696.6,668.36
2020/12/29,665.99,661,669.9,655
2020/12/28,663.69,674.51,681.4,660.8
2020/12/24,661.77,642.99,666.09,641
2020/12/23,645.98,632.2,651.5,622.57
2020/12/22,640.34,648,649.88,614.23
2020/12/21,649.86,666.24,668.5,646.07
2020/12/18,695,668.9,695,628.54
2020/12/17,655.9,628.19,658.82,619.5
2020/12/16,622.77,628.23,632.5,605
2020/12/15,633.25,643.28,646.9,623.8
2020/12/14,639.83,619,642.75,610.2
2020/12/11,609.99,615.01,624,596.8
2020/12/10,627.07,574.37,627.75,566.34
2020/12/9,604.48,653.69,654.32,588
2020/12/8,649.88,625.5,651.28,618.5
2020/12/7,641.76,604.92,648.79,603.05
2020/12/4,599.04,591.01,599.04,585.5
2020/12/3,593.38,590.02,598.97,582.43
2020/12/2,568.82,556.44,571.54,541.21
2020/12/1,584.76,597.59,597.85,572.05
2020/11/30,567.6,602.21,607.8,554.51
2020/11/27,585.76,581.16,598.78,578.45
2020/11/25,574,550.06,574,545.37
2020/11/24,555.38,540.4,559.99,526.2
2020/11/23,521.85,503.5,526,501.79
2020/11/20,489.61,497.99,502.5,489.06
2020/11/19,499.27,492,508.61,487.57
2020/11/18,486.64,448.35,496,443.5
2020/11/17,441.61,460.17,462,433.01
2020/11/16,408.09,408.93,412.45,404.09
2020/11/13,408.5,410.85,412.53,401.66
2020/11/12,411.76,415.05,423,409.52
2020/11/11,417.13,416.45,418.69,410.58
2020/11/10,410.36,420.09,420.09,396.03
2020/11/9,421.26,439.5,452.5,421
2020/11/6,429.95,436.1,436.57,424.28
2020/11/5,438.09,428.3,440,424
2020/11/4,420.98,430.62,435.4,417.1
2020/11/3,423.9,409.73,427.77,406.69
2020/11/2,400.51,394,406.98,392.3
2020/10/30,388.04,406.9,407.59,379.11
2020/10/29,410.83,409.96,418.06,406.46
2020/10/28,406.02,416.48,418.6,406
2020/10/27,424.68,423.76,430.5,420.1
2020/10/26,420.28,411.63,425.76,410
2020/10/23,420.63,421.84,422.89,407.38
2020/10/22,425.79,441.92,445.23,424.51
2020/10/21,422.64,422.7,432.95,421.25
2020/10/20,421.94,431.75,431.75,419.05
2020/10/19,430.83,446.24,447,428.87
2020/10/16,439.67,454.44,455.95,438.85
2020/10/15,448.88,450.31,456.57,442.5
2020/10/14,461.3,449.78,465.9,447.35
2020/10/13,446.65,443.35,448.89,436.6
2020/10/12,442.3,442,448.74,438.58
2020/10/9,434,430.13,434.59,426.46
2020/10/8,425.92,438.44,439,425.3
2020/10/7,425.3,419.87,429.9,413.85
2020/10/6,413.98,423.79,428.78,406.05
2020/10/5,425.68,423.35,433.64,419.33
2020/10/2,415.09,421.39,439.13,415
2020/10/1,448.16,440.76,448.88,434.42
2020/9/30,429.01,421.32,433.93,420.47
2020/9/29,419.07,416,428.5,411.6
2020/9/28,421.2,424.62,428.08,415.55
2020/9/25,407.34,393.47,408.73,391.3
2020/9/24,387.79,363.8,399.5,351.3
2020/9/23,380.36,405.16,412.15,375.88
2020/9/22,424.23,429.6,437.76,417.6
2020/9/21,449.39,453.13,455.68,407.07
2020/9/18,442.15,447.94,451,428.8
2020/9/17,423.43,415.6,437.79,408
2020/9/16,441.76,439.87,457.79,435.31
2020/9/15,449.76,436.56,461.94,430.7
2020/9/14,419.62,380.95,420,373.3
2020/9/11,372.72,381.94,382.5,360.5
2020/9/10,371.34,386.21,398.99,360.56
2020/9/9,366.28,356.6,369,341.51
2020/9/8,330.21,356,368.74,329.88
2020/9/4,418.32,402.81,428,372.02
2020/9/3,407,407.23,431.8,402
2020/9/2,447.37,478.99,479.04,405.12
2020/9/1,475.05,502.14,502.49,470.51
2020/8/31,498.32,444.61,500.14,440.11
2020/8/28,442.68,459.02,463.7,437.3
2020/8/27,447.75,436.09,459.12,428.5
2020/8/26,430.63,412,433.2,410.73
2020/8/25,404.67,394.98,405.59,393.6
2020/8/24,402.84,425.25,425.8,385.5
2020/8/21,410,408.95,419.1,405.01
2020/8/20,400.37,372.14,404.4,371.41
2020/8/19,375.71,373,382.2,368.24
2020/8/18,377.42,379.8,384.78,369.02
2020/8/17,367.13,335.4,369.17,334.57
2020/8/14,330.14,333,333.76,325.33
2020/8/13,324.2,322.2,330.24,313.45
2020/8/12,310.95,294,317,287
2020/8/11,274.88,279.2,284,273
2020/8/10,283.71,289.6,291.5,277.17
2020/8/7,290.54,299.91,299.95,283
2020/8/6,297.92,298.17,303.46,295.45
2020/8/5,297,298.6,299.97,293.66
2020/8/4,297.4,299,305.48,292.4
2020/8/3,297,289.84,301.96,288.88
2020/7/31,286.15,303,303.41,284.2
2020/7/30,297.5,297.6,302.65,294.2
2020/7/29,299.82,300.2,306.96,297.4
2020/7/28,295.3,300.8,312.94,294.88
2020/7/27,307.92,287,309.59,282.6
2020/7/24,283.4,283.2,293,273.31
2020/7/23,302.61,335.79,337.8,296.15
2020/7/22,318.47,319.8,325.28,312.4
2020/7/21,313.67,327.99,335,311.6
2020/7/20,328.6,303.8,330,297.6
2020/7/17,300.17,302.69,307.5,298
2020/7/16,300.13,295.43,306.34,293.2
2020/7/15,309.2,308.6,310,291.4
2020/7/14,303.36,311.2,318,286.2
2020/7/13,299.41,331.8,359,294.22
2020/7/10,308.93,279.2,309.78,275.2
2020/7/9,278.86,279.4,281.71,270.26
2020/7/8,273.18,281,283.45,262.27
2020/7/7,277.97,281,285.9,267.34
2020/7/6,274.32,255.34,275.56,253.21
2020/7/2,241.73,244.3,245.6,237.12
2020/7/1,223.93,216.6,227.07,216.1
2020/6/30,215.96,201.3,217.54,200.75
2020/6/29,201.87,193.8,202,189.7
2020/6/26,191.95,198.96,199,190.97
2020/6/25,197.2,190.85,197.2,187.43
2020/6/24,192.17,198.82,200.18,190.63
2020/6/23,200.36,199.78,202.4,198.8
2020/6/22,198.86,199.99,201.78,198
2020/6/19,200.18,202.56,203.19,198.27
2020/6/18,200.79,200.6,203.84,198.89
2020/6/17,198.36,197.54,201,196.51
2020/6/16,196.43,202.37,202.58,192.48
2020/6/15,198.18,183.56,199.77,181.7
2020/6/12,187.06,196,197.6,182.52
2020/6/11,194.57,198.04,203.79,194.4
2020/6/10,205.01,198.38,205.5,196.5
2020/6/9,188.13,188,190.89,184.79
2020/6/8,189.98,183.8,190,181.83
2020/6/5,177.13,175.57,177.3,173.24
2020/6/4,172.88,177.98,179.15,171.69
2020/6/3,176.59,177.62,179.59,176.02
2020/6/2,176.31,178.94,181.73,174.2
2020/6/1,179.62,171.6,179.8,170.82
2020/5/29,167,161.75,167,160.84
2020/5/28,161.16,162.7,164.95,160.34
2020/5/27,164.05,164.17,165.54,157
2020/5/26,163.77,166.9,166.92,163.14
2020/5/22,163.38,164.43,166.36,162.4
2020/5/21,165.52,163.2,166.5,159.2
2020/5/20,163.11,164.1,165.2,162.36
2020/5/19,161.6,163.03,164.41,161.22
2020/5/18,162.73,165.56,166.94,160.78
2020/5/15,159.83,158.07,161.01,157.31
2020/5/14,160.67,156,160.67,152.8
2020/5/13,158.19,164.17,165.2,152.66
2020/5/12,161.88,165.4,168.66,161.6
2020/5/11,162.26,158.1,164.8,157
2020/5/8,163.88,158.75,164.8,157.4
2020/5/7,156.01,155.44,159.28,154.47
2020/5/6,156.52,155.3,157.96,152.22
2020/5/5,153.64,157.96,159.78,152.44
2020/5/4,152.24,140.2,152.4,139.6
2020/5/1,140.26,151,154.55,136.61
2020/4/30,156.38,171.04,173.96,152.7
2020/4/29,160.1,158.03,160.64,156.63
2020/4/28,153.82,159.13,161,151.34
2020/4/27,159.75,147.52,159.9,147
2020/4/24,145.03,142.16,146.15,139.64
2020/4/23,141.13,145.52,146.8,140.63
2020/4/22,146.42,140.8,146.8,137.74
2020/4/21,137.34,146.02,150.67,134.76
2020/4/20,149.27,146.54,153.11,142.44
2020/4/17,150.78,154.46,154.99,149.53
2020/4/16,149.04,143.39,151.89,141.34
2020/4/15,145.97,148.4,150.63,142
2020/4/14,141.98,139.79,148.38,138.49
2020/4/13,130.19,118.03,130.4,116.11
2020/4/9,114.6,112.42,115.04,111.42
2020/4/8,109.77,110.84,111.44,106.67
2020/4/7,109.09,109,113,106.47
2020/4/6,103.25,102.24,104.2,99.59
2020/4/3,96,101.9,103.1,93.68
2020/4/2,90.89,96.21,98.85,89.28
2020/4/1,96.31,100.8,102.79,95.02
2020/3/31,104.8,100.25,108.59,99.4
2020/3/30,100.43,102.05,103.33,98.25
2020/3/27,102.87,101,105.16,98.81
2020/3/26,105.63,109.48,112,102.45
2020/3/25,107.85,109.05,111.4,102.22
2020/3/24,101,95.46,102.74,94.8
2020/3/23,86.86,86.72,88.4,82.1
2020/3/20,85.51,87.64,95.4,85.16
2020/3/19,85.53,74.94,90.4,71.69
2020/3/18,72.24,77.8,80.97,70.1
2020/3/17,86.04,88,94.37,79.2
2020/3/16,89.01,93.9,98.97,88.43
2020/3/13,109.32,119,121.51,100.4
2020/3/12,112.11,116.18,118.9,109.25
2020/3/11,126.85,128.04,130.72,122.6
2020/3/10,129.07,131.89,133.6,121.6
2020/3/9,121.6,121.08,132.6,121
2020/3/6,140.7,138,141.4,136.85
2020/3/5,144.91,144.75,149.15,143.61
2020/3/4,149.9,152.79,153.3,144.95
2020/3/3,149.1,161,161.4,143.22
2020/3/2,148.72,142.25,148.74,137.33
2020/2/28,133.6,125.94,138.1,122.3
2020/2/27,135.8,146,147.95,133.8
2020/2/26,155.76,156.5,162.66,155.22
2020/2/25,159.98,169.8,171.32,157.4
2020/2/24,166.76,167.8,172.7,164.44
2020/2/21,180.2,181.4,182.61,176.09
2020/2/20,179.88,182.39,182.4,171.99
2020/2/19,183.48,184.7,188.96,180.2
2020/2/18,171.68,168.32,172,166.47
2020/2/14,160.01,157.44,162.59,157.1
2020/2/13,160.8,148.37,163.6,147
2020/2/12,153.46,155.57,157.95,152.67
2020/2/11,154.88,153.76,156.7,151.6
2020/2/10,154.26,160,164,150.48
2020/2/7,149.61,146.11,153.95,146
2020/2/6,149.79,139.98,159.17,137.4
2020/2/5,146.94,164.65,169.2,140.82
2020/2/4,177.41,176.59,193.8,166.78
2020/2/3,156,134.74,157.23,134.7
2020/1/31,130.11,128,130.6,126.5
2020/1/30,128.16,126.48,130.18,123.6
2020/1/29,116.2,115.14,117.96,113.49
2020/1/28,113.38,113.7,115.36,111.62
2020/1/27,111.6,108.4,112.89,107.86
2020/1/24,112.96,114.13,114.77,110.85
2020/1/23,114.44,112.85,116.4,111.12
2020/1/22,113.91,114.38,118.9,111.82
2020/1/21,109.44,106.05,109.72,105.68
2020/1/17,102.1,101.52,103.13,100.63
2020/1/16,102.7,98.75,102.89,98.43
2020/1/15,103.7,105.95,107.57,103.36
2020/1/14,107.58,108.85,109.48,104.98
2020/1/13,104.97,98.7,105.13,98.4
2020/1/10,95.63,96.36,96.99,94.74
2020/1/9,96.27,99.42,99.76,94.57
2020/1/8,98.43,94.74,99.7,93.65
2020/1/7,93.81,92.28,94.33,90.67
2020/1/6,90.31,88.09,90.31,88
2020/1/3,88.6,88.1,90.8,87.38
2020/1/2,86.05,84.9,86.14,84.34
2019/12/31,83.67,81,84.26,80.42
2019/12/30,82.94,85.76,85.8,81.85
2019/12/27,86.08,87,87.06,85.22
2019/12/26,86.19,85.58,86.7,85.27
2019/12/24,85.05,83.67,85.09,82.54
2019/12/23,83.84,82.36,84.4,82
2019/12/20,81.12,82.06,82.6,80.04
2019/12/19,80.81,79.46,81.37,79.3
2019/12/18,78.63,76.13,79.04,76.12
2019/12/17,75.8,75.8,77.1,75.18
2019/12/16,76.3,72.51,76.72,72.5
2019/12/13,71.68,72.21,73.04,70.93
2019/12/12,71.94,70.98,72.55,70.65
2019/12/11,70.54,70.38,71.44,70.22
2019/12/10,69.77,67.99,70.15,67.86
2019/12/9,67.91,67.32,68.89,67.02
2019/12/6,67.18,67,67.77,66.95
2019/12/5,66.07,66.57,66.88,65.45
2019/12/4,66.61,67.55,67.57,66.57
2019/12/3,67.24,66.52,67.58,66.44
2019/12/2,66.97,65.88,67.28,65.74
2019/11/29,65.99,66.22,66.25,65.5
2019/11/27,66.26,66.22,66.79,65.71
2019/11/26,65.78,67.05,67.1,65.42
2019/11/25,67.27,68.86,68.91,66.89
2019/11/22,66.61,68.03,68.2,66
2019/11/21,70.97,70.9,72.17,70.8
2019/11/20,70.44,72,72.24,69.91
2019/11/19,71.9,70.35,72,69.56
2019/11/18,70,70.58,70.63,69.22
2019/11/15,70.43,70.13,70.56,69.67
2019/11/14,69.87,69.22,70.77,68.58
2019/11/13,69.22,71,71.27,69.04
2019/11/12,69.99,69.38,70.07,68.81
2019/11/11,69.02,68.79,69.84,68.4
2019/11/8,67.43,66.9,67.49,66.5
2019/11/7,67.11,65.83,68.3,65.6
2019/11/6,65.32,63.6,65.34,62.9
2019/11/5,63.44,63.92,64.7,63.22
2019/11/4,63.49,62.96,64.39,61.85
2019/11/1,62.66,63.26,63.3,61.96
2019/10/31,62.98,62.62,63.8,62.6
2019/10/30,63,62.6,63.76,61.99
2019/10/29,63.24,64,64.86,62.95
2019/10/28,65.54,65.51,68.17,64.52
2019/10/25,65.63,59.54,66,59.22
2019/10/24,59.94,59.67,60.99,57.84
2019/10/23,50.94,50.9,51.23,50.27
2019/10/22,51.12,50.86,51.67,50.17
2019/10/21,50.7,51.67,51.9,50.04
2019/10/18,51.39,52.14,52.56,51.02
2019/10/17,52.39,52.5,52.96,52.03
2019/10/16,51.95,51.48,52.42,51.38
2019/10/15,51.58,51.54,52,50.82
2019/10/14,51.39,49.58,51.71,49.43
2019/10/11,49.58,49.43,50.22,49.36
2019/10/10,48.95,49.06,49.86,48.32
2019/10/9,48.91,48.26,49.46,48.13
2019/10/8,48.01,47.17,48.79,46.9
2019/10/7,47.54,45.96,47.71,45.71
2019/10/4,46.29,46.32,46.96,45.61
2019/10/3,46.61,46.37,46.9,44.86
2019/10/2,48.63,48.66,48.93,47.89
2019/10/1,48.94,48.3,49.19,47.83
2019/9/30,48.17,48.6,48.8,47.22
2019/9/27,48.43,48.44,49.74,47.75
2019/9/26,48.51,46.13,48.66,45.48
2019/9/25,45.74,44.91,45.8,43.67
2019/9/24,44.64,48.3,48.4,44.52
2019/9/23,48.25,48,49.04,47.84
2019/9/20,48.12,49.3,49.39,47.63
2019/9/19,49.32,49.2,49.59,48.97
2019/9/18,48.7,49,49.63,48.47
2019/9/17,48.96,48.49,49.12,48.07
2019/9/16,48.56,49.2,49.49,48.23
2019/9/13,49.04,49.39,49.69,48.97
2019/9/12,49.17,49.54,50.7,48.88
2019/9/11,49.42,47.48,49.63,47.2
2019/9/10,47.11,46.16,47.11,45.79
2019/9/9,46.36,46,46.75,45.85
2019/9/6,45.49,45.44,45.93,45.03
2019/9/5,45.92,44.5,45.96,44.17
2019/9/4,44.14,45.38,45.69,43.84
2019/9/3,45,44.82,45.79,44.63
2019/8/30,45.12,45.83,46.49,44.84
2019/8/29,44.34,43.8,44.68,43.6
2019/8/28,43.12,42.74,43.45,42.46
2019/8/27,42.82,43.15,43.76,42.41
2019/8/26,43,42.72,43,42.31
2019/8/23,42.28,43.99,44.23,42.2
2019/8/22,44.43,44.56,45.08,43.64
2019/8/21,44.17,44.4,44.64,43.52
2019/8/20,45.17,45.52,45.82,44.91
2019/8/19,45.37,44.84,45.57,44.34
2019/8/16,43.99,43.33,44.45,43.2
2019/8/15,43.13,44.17,44.31,42.31
2019/8/14,43.92,46.24,46.3,43.34
2019/8/13,47,45.76,47.2,45.51
2019/8/12,45.8,46.6,47.15,45.75
2019/8/9,47,47.21,47.79,46.76
2019/8/8,47.66,46.89,47.96,46.53
2019/8/7,46.68,45.3,46.71,45.16
2019/8/6,46.15,46.38,46.5,45.15
2019/8/5,45.66,45.92,46.27,45.16
2019/8/2,46.87,46.27,47.25,45.85
2019/8/1,46.77,48.53,48.9,46.35
2019/7/31,48.32,48.6,49.34,47.33
2019/7/30,48.45,46.58,48.67,46.44
2019/7/29,47.15,45.42,47.19,45.21
2019/7/26,45.61,45.38,46.05,44.45
2019/7/25,45.76,46.7,46.9,45.11
2019/7/24,52.98,51.83,53.21,51.63
2019/7/23,52.03,51.34,52.1,50.9
2019/7/22,51.14,51.75,52.43,50.84
2019/7/19,51.64,51.14,51.99,50.92
2019/7/18,50.71,51.01,51.15,50.38
2019/7/17,50.97,51.13,51.66,50.67
2019/7/16,50.48,49.86,50.71,49.59
2019/7/15,50.7,49.6,50.88,48.97
2019/7/12,49.02,47.95,49.08,47.94
2019/7/11,47.72,47.63,48.3,47.16
2019/7/10,47.78,46.83,47.79,46.63
2019/7/9,46.01,45.79,46.2,45.46
2019/7/8,46.07,46.25,46.45,45.73
2019/7/5,46.62,46.91,47.09,46.16
2019/7/3,46.98,47.88,48.31,46.9
2019/7/2,44.91,45.78,45.83,44.44
2019/7/1,45.43,46.04,46.62,45.26
2019/6/28,44.69,44.2,45.03,44.16
2019/6/27,44.57,43.89,44.58,43.47
2019/6/26,43.85,44.06,45.45,43.62
2019/6/25,43.95,44.88,45.07,43.9
2019/6/24,44.73,44.65,45.17,44.2
2019/6/21,44.37,43.24,44.44,43.1
2019/6/20,43.92,44.6,45.38,43.27
2019/6/19,45.29,45.02,45.55,44.21
2019/6/18,44.95,45.74,46.95,44.51
2019/6/17,45.01,43.1,45.4,42.85
2019/6/14,42.98,42.25,43.33,42.08
2019/6/13,42.78,42.08,42.98,41.5
2019/6/12,41.85,44.59,44.68,41.8
2019/6/11,43.42,43.83,44.18,42.7
2019/6/10,42.58,42.05,43.39,41.8
2019/6/7,40.9,41,42.17,40.7
2019/6/6,41.19,40.89,42.2,40.36
2019/6/5,39.32,39.74,40.26,38.37
2019/6/4,38.72,36.22,38.8,35.92
2019/6/3,35.79,37.1,37.34,35.4
2019/5/31,37.03,37.02,37.98,36.82
2019/5/30,37.64,37.75,38.45,37.4
2019/5/29,37.97,37.42,38.48,37.01
2019/5/28,37.74,38.24,39,37.57
2019/5/24,38.13,39.97,40,37.75
2019/5/23,39.1,38.87,39.89,37.24
2019/5/22,38.55,39.82,40.79,38.36
2019/5/21,41.02,39.55,41.48,39.21
2019/5/20,41.07,40.56,41.2,39.05
2019/5/17,42.21,44.39,44.45,41.78
2019/5/16,45.67,45.9,46.2,45.3
2019/5/15,46.39,45.86,46.49,45.05
2019/5/14,46.46,45.86,46.9,45.6
2019/5/13,45.4,46.4,46.49,44.9
2019/5/10,47.9,47.95,48.4,47.2
2019/5/9,48.4,48.4,48.74,47.39
2019/5/8,48.97,49.39,50.12,48.84
2019/5/7,49.41,51.36,51.44,49.02
2019/5/6,51.07,50,51.67,49.7
2019/5/3,51.01,48.77,51.32,48.7
2019/5/2,48.82,49.1,49.43,47.54
2019/5/1,46.8,47.77,48,46.3
2019/4/30,47.74,48.41,48.84,47.4
2019/4/29,48.29,47.17,48.8,46.43
2019/4/26,47.03,49.3,49.34,46.23
2019/4/25,49.53,51,51.8,49.21
2019/4/24,51.73,52.77,53.06,51.6
2019/4/23,52.78,52.03,53.12,51.15
2019/4/22,52.55,53.8,53.94,52.5
2019/4/18,54.65,54.25,54.97,53.95
2019/4/17,54.25,54.95,54.96,53.71
2019/4/16,54.67,53.15,55,52.94
2019/4/15,53.28,53.73,53.78,51.73
2019/4/12,53.54,54.04,54.39,53.37
2019/4/11,53.68,53.66,54.1,53.12
2019/4/10,55.21,55.35,55.68,54.58
2019/4/9,54.46,54.33,55,53.92
2019/4/8,54.64,55.54,56.23,54.09
2019/4/5,54.99,53.97,55.22,53.22
2019/4/4,53.56,52.38,54.24,52.12
2019/4/3,58.36,57.46,59.23,57.43
2019/4/2,57.18,57.66,57.89,56.78
2019/4/1,57.84,56.52,57.84,56.26
2019/3/29,55.97,55.74,56.03,54.9
2019/3/28,55.72,55.43,56.07,55.02
2019/3/27,54.97,53.75,55.07,53.64
2019/3/26,53.55,52.89,54.05,52.89
2019/3/25,52.08,51.94,52.64,50.89
2019/3/22,52.91,54.52,54.56,52.8
2019/3/21,54.8,54.52,55.29,53.69
2019/3/20,54.72,53.94,54.99,53.26
2019/3/19,53.49,53.5,54.66,52.69
2019/3/18,53.9,55.2,55.61,53.46
2019/3/15,55.09,56.7,56.74,54.88
2019/3/14,57.99,58.49,59.08,57.66
2019/3/13,57.79,56.78,58.4,56.54
2019/3/12,56.67,57.3,57.61,56.21
2019/3/11,58.18,56.7,58.26,56.1
2019/3/8,56.83,55.38,57.12,55.18
2019/3/7,55.32,55.77,56.94,54.85
2019/3/6,55.25,55.3,56.3,54.88
2019/3/5,55.31,56.4,56.8,54.02
2019/3/4,57.07,59.62,59.8,56.56
2019/3/1,58.96,61.39,61.43,58.38
2019/2/28,63.98,63.78,64,62.16
2019/2/27,62.95,60.36,63.26,60.11
2019/2/26,59.57,58.44,60.4,57.75
2019/2/25,59.75,59.58,60.58,59.4
2019/2/22,58.94,58.9,59.3,58.42
2019/2/21,58.25,60.36,60.65,58.1
2019/2/20,60.51,60.88,61.26,59.8
2019/2/19,61.13,61.31,62.31,61.09
2019/2/15,61.58,60.9,61.6,60.78
2019/2/14,60.75,60.68,61.35,60.2
2019/2/13,61.63,62.47,62.55,61.11
2019/2/12,62.36,63.24,63.64,61.92
2019/2/11,62.57,62.32,63.72,62.1
2019/2/8,61.16,61.37,61.49,59.7
2019/2/7,61.5,62.66,62.94,60.6
2019/2/6,63.44,63.92,64.85,63.12
2019/2/5,64.27,62.5,64.49,62.45
2019/2/4,62.58,62.6,63.06,60.38
2019/2/1,62.44,61.08,63.22,60.7
2019/1/31,61.4,60.2,62.31,58.8
2019/1/30,61.75,60.09,61.8,59.7
2019/1/29,59.49,59.05,59.71,58.36
2019/1/28,59.28,58.58,59.49,57.55
2019/1/25,59.41,58.88,59.7,57.91
2019/1/24,58.3,56.61,58.74,55.86
2019/1/23,57.52,58.5,58.9,56.34
2019/1/22,59.78,60.96,61.6,59.1
2019/1/18,60.45,64.6,65.43,59.95
2019/1/17,69.46,69.24,70.3,68.83
2019/1/16,69.21,68.96,70.4,68.7
2019/1/15,68.89,67,69.76,66.9
2019/1/14,66.88,68.48,68.5,66.8
2019/1/11,69.45,68.42,69.68,67.75
2019/1/10,68.99,66.88,69.08,66.36
2019/1/9,67.71,67.1,68.7,66.29
2019/1/8,67.07,68.39,68.8,65.4
2019/1/7,66.99,64.34,67.35,63.55
2019/1/4,63.54,61.2,63.6,60.55
2019/1/3,60.07,61.4,61.88,59.48
2019/1/2,62.02,61.22,63.03,59.76
2018/12/31,66.56,67.56,67.84,65.05
2018/12/28,66.77,64.62,67.25,63.68
2018/12/27,63.23,63.97,64.43,60.3
2018/12/26,65.22,60,65.39,58.82
2018/12/24,59.08,62.7,62.9,59.04
2018/12/21,63.95,63.48,64.69,62.49
2018/12/20,63.08,65.41,66.06,62.37
2018/12/19,66.59,67.52,69.4,65.95
2018/12/18,67.41,70.11,70.31,66.74
2018/12/17,69.68,72.4,73.14,68.78
2018/12/14,73.14,75,75.57,72.87
2018/12/13,75.36,74.03,75.49,73.35
2018/12/12,73.32,73.88,74.38,73.03
2018/12/11,73.35,73.98,74.43,72.05
2018/12/10,73.03,72,73.2,70.62
2018/12/7,71.59,73.8,75.9,71.53
2018/12/6,72.61,71.2,73.48,70.15
2018/12/4,71.94,71.21,73.74,70.4
2018/12/3,71.7,72,73.2,70.4
2018/11/30,70.1,68.37,70.32,67.65
2018/11/29,68.23,69.4,69.5,67.91
2018/11/28,69.57,69.2,69.66,68.44
2018/11/27,68.78,68.01,69.39,67.1
2018/11/26,69.2,65,69.24,65
2018/11/23,65.17,66.87,67.5,65.11
2018/11/21,67.64,70.4,70.62,67.48
2018/11/20,69.5,68.35,69.96,66.71
2018/11/19,70.69,71.27,73.35,70.58
2018/11/16,70.86,69.04,71.14,69.02
2018/11/15,69.69,68.47,69.72,67.81
2018/11/14,68.8,68.54,69.42,67.43
2018/11/13,67.75,66.63,68.94,66.44
2018/11/12,66.26,69.67,69.96,66.07
2018/11/9,70.1,69.8,70.8,69.05
2018/11/8,70.28,69.7,71.52,69.69
2018/11/7,69.63,68.67,70.24,68.16
2018/11/6,68.21,67.81,69.76,67.22
2018/11/5,68.28,68.1,68.79,66.03
2018/11/2,69.28,68.75,69.84,68.18
2018/11/1,68.86,67.65,69.57,66.94
2018/10/31,67.46,66.51,68.4,65.82
2018/10/30,65.98,65.68,67.58,64.45
2018/10/29,66.97,67.49,69.43,65.3
2018/10/26,66.18,61.65,67.98,61.33
2018/10/25,62.97,63.44,64.2,60.2
2018/10/24,57.7,60.21,60.89,57.15
2018/10/23,58.83,52.77,59.59,52.42
2018/10/22,52.19,52.14,52.37,50.52
2018/10/19,52,53.48,53.93,50.7
2018/10/18,52.78,53.86,54.2,52.6
2018/10/17,54.36,56.48,56.54,53.16
2018/10/16,55.32,53.14,55.48,52.45
2018/10/15,51.92,51.81,52.66,50.91
2018/10/12,51.76,52.2,52.4,50.4
2018/10/11,50.45,51.51,52.45,49.81
2018/10/10,51.38,52.92,53.1,49.55
2018/10/9,52.56,51.05,53.35,50.66
2018/10/8,50.11,52.9,53.55,49.8
2018/10/5,52.39,54.93,54.98,52
2018/10/4,56.37,58.79,58.8,55.53
2018/10/3,58.96,60.67,60.92,58.31
2018/10/2,60.2,62.79,63.37,59.83
2018/10/1,62.14,61.15,62.29,60.21
2018/9/28,52.95,54.05,55.6,52.11
2018/9/27,61.5,62.58,62.99,61.38
2018/9/26,61.92,60.38,62.78,60.22
2018/9/25,60.2,60,60.92,59.3
2018/9/24,59.94,59.7,60.6,58.72
2018/9/21,59.82,59.54,60.12,59.07
2018/9/20,59.67,60.71,61.2,58.67
2018/9/19,59.8,56.1,60,56.1
2018/9/18,56.99,59.34,60.53,55.1
2018/9/17,58.97,58.01,60.17,57.63
2018/9/14,59.04,57.75,59.47,57.3
2018/9/13,57.89,57.6,59,57.04
2018/9/12,58.11,56.29,58.5,55.73
2018/9/11,55.89,55.89,56.4,54.71
2018/9/10,57.1,54.65,57.21,54.2
2018/9/7,52.65,52.02,53.67,50.45
2018/9/6,56.19,56.96,58.23,55.78
2018/9/5,56.15,57.01,57.36,55.44
2018/9/4,57.79,59.39,59.64,57.6
2018/8/31,60.33,60.4,61.06,59.72
2018/8/30,60.63,60.45,60.92,59.54
2018/8/29,61,62.05,62.37,60.74
2018/8/28,62.37,63.68,63.78,62.24
2018/8/27,63.85,63.6,64.49,61.76
2018/8/24,64.56,64.14,64.77,63.88
2018/8/23,64.02,63.83,65.46,63.62
2018/8/22,64.33,64.17,64.78,62.93
2018/8/21,64.38,62.12,64.96,61.8
2018/8/20,61.69,58.34,61.7,57.64
2018/8/17,61.1,64.7,65.35,60.71
2018/8/16,67.09,67.98,68.46,66.76
2018/8/15,67.74,68.38,68.9,66.43
2018/8/14,69.53,71.69,71.84,69.42
2018/8/13,71.28,72.23,72.64,69.8
2018/8/10,71.1,70.8,72,69.2
2018/8/9,70.49,73.11,73.4,69.15
2018/8/8,74.07,73.82,76.53,73.42
2018/8/7,75.91,68.77,77.49,67.83
2018/8/6,68.4,69.09,71,68.36
2018/8/3,69.63,69.56,71,68.51
2018/8/2,69.91,65.69,70,64.63
2018/8/1,60.17,59.6,60.6,58.6
2018/7/31,59.63,58.45,59.66,57.81
2018/7/30,58.03,59.18,59.22,57.23
2018/7/27,59.44,61.45,61.54,59.07
2018/7/26,61.33,60.97,62.14,60.73
2018/7/25,61.75,59.35,61.92,58.9
2018/7/24,59.49,60.88,61.54,58.51
2018/7/23,60.64,60.37,61.1,58.57
2018/7/20,62.72,64.25,64.65,62.34
2018/7/19,64.05,63.27,64.71,62.8
2018/7/18,64.77,65,65.1,63.25
2018/7/17,64.54,61.76,64.95,61.7
2018/7/16,62.02,62.34,63.03,61.25
2018/7/13,63.77,63.12,63.92,61.85
2018/7/12,63.34,64.29,64.65,62.55
2018/7/11,63.79,63.16,64.39,63.01
2018/7/10,64.49,64.91,65.54,63.84
2018/7/9,63.7,62.4,63.7,61.6
2018/7/6,61.78,60.99,62.41,60.4
2018/7/5,61.83,62.75,62.88,59.24
2018/7/3,62.17,66.35,66.5,61.94
2018/7/2,67.01,72.01,72.96,65.97
2018/6/29,68.59,70.67,70.77,68.48
2018/6/28,69.99,69.73,71.4,69.22
2018/6/27,68.9,69,70.16,67.9
2018/6/26,68.4,67.21,68.71,65.16
2018/6/25,66.6,66.02,67.69,65.5
2018/6/22,66.73,70.31,70.45,66.4
2018/6/21,69.5,72.4,73.24,69.25
2018/6/20,72.44,71.61,72.88,70.4
2018/6/19,70.51,73.03,74,69.25
2018/6/18,74.17,71.08,74.75,70.9
2018/6/15,71.63,70.77,72.93,70.25
2018/6/14,71.54,69.53,71.75,69.32
2018/6/13,68.96,69.34,69.44,67.96
2018/6/12,68.55,68.94,70.99,67.6
2018/6/11,66.42,64.5,66.93,64.5
2018/6/8,63.53,63.8,64.9,63.43
2018/6/7,63.22,63.23,66,62.72
2018/6/6,63.9,60.1,64.43,59.5
2018/6/5,58.23,59.54,59.56,57.35
2018/6/4,59.35,58.87,59.8,58.71
2018/6/1,58.36,57.17,58.39,56.77
2018/5/31,56.95,57.44,58.07,56.59
2018/5/30,58.34,56.66,59,56.32
2018/5/29,56.75,55.7,57.3,55.23
2018/5/25,55.77,55.53,55.93,55.12
2018/5/24,55.57,55.68,56.22,54.98
2018/5/23,55.81,55.55,55.98,54.8
2018/5/22,55,57.55,57.6,54.68
2018/5/21,56.9,56.27,58.3,56.26
2018/5/18,55.36,56.93,56.93,54.8
2018/5/17,56.91,57.18,57.84,56.79
2018/5/16,57.3,56.77,57.76,56.31
2018/5/15,56.84,57,57.39,56.1
2018/5/14,58.39,60.66,60.99,58.32
2018/5/11,60.21,61.54,61.78,59.82
2018/5/10,61,61.5,62.6,60.82
2018/5/9,61.37,60.08,61.4,60.01
2018/5/8,60.39,60.16,61.55,59.8
2018/5/7,60.55,59.5,61.19,59.03
2018/5/4,58.82,56.6,59.37,55.9
2018/5/3,56.89,55.76,57.61,55.05
2018/5/2,60.23,59.71,61.37,59.56
2018/5/1,59.98,58.7,60.16,58.64
2018/4/30,58.78,58.72,59.75,58.5
2018/4/27,58.81,57.07,58.89,56.77
2018/4/26,57.1,55.75,57.16,55.3
2018/4/25,56.14,56.7,57.03,55.45
2018/4/24,56.69,57,57.42,55.69
2018/4/23,56.67,58.26,58.32,56.47
2018/4/20,58.05,59.03,60,57.95
2018/4/19,60.02,58.22,60.2,57.71
2018/4/18,58.67,58.22,60.05,57.63
2018/4/17,57.54,57.77,58.43,56.5
2018/4/16,58.24,59.8,59.93,57.8
2018/4/13,60.07,60.72,60.79,59.2
2018/4/12,58.82,60.46,60.79,58.74
2018/4/11,60.19,60.15,61.8,59.93
2018/4/10,60.94,59.79,61.42,58.74
2018/4/9,57.93,60.07,61.9,57.84
2018/4/6,59.86,60.2,61.86,59.1
2018/4/5,61.14,57.87,61.25,57.64
2018/4/4,57.39,50.56,57.67,50.4
2018/4/3,53.51,53.96,54.67,50.9
2018/4/2,50.5,51.25,52.07,48.92
2018/3/29,53.23,51.3,54.19,49.64
2018/3/28,51.56,52.92,53.74,50.42
2018/3/27,55.84,60.8,60.85,55.44
2018/3/26,60.84,61.47,61.52,58.27
2018/3/23,60.31,62.25,62.32,60.09
2018/3/22,61.82,62.78,63.76,61.64
2018/3/21,63.31,62.05,64.49,62.04
2018/3/20,62.11,62.97,63.25,61.75
2018/3/19,62.71,63.3,64.15,61.93
2018/3/16,64.27,65.19,65.48,63.81
2018/3/15,65.12,65.88,66.57,64.22
2018/3/14,65.33,67.35,67.96,64.79
2018/3/13,68.37,68.98,69.02,67.25
2018/3/12,69.1,65.72,69.44,65.3
2018/3/9,65.43,64.82,65.7,64.47
2018/3/8,65.82,66.57,66.66,65.25
2018/3/7,66.46,65.09,66.5,64.35
2018/3/6,65.64,66.75,67.27,65.41
2018/3/5,66.67,66.48,67.55,65.86
2018/3/2,67.02,65.4,67.04,64.59
2018/3/1,66.19,69,69.73,66.01
2018/2/28,68.61,70.51,71.05,68.44
2018/2/27,70.2,71.25,72,70
2018/2/26,71.48,70.7,71.8,70.47
2018/2/23,70.41,69.57,71,69.42
2018/2/22,69.23,67.11,69.49,66.95
2018/2/21,66.66,67.21,67.94,66.63
2018/2/20,66.95,66.89,68.17,66.3
2018/2/16,67.1,66.5,68.62,66.33
2018/2/15,66.81,64.9,66.82,64.48
2018/2/14,64.46,64.17,65.23,63.7
2018/2/13,64.73,63,64.84,62.5
2018/2/12,63.15,63.23,63.62,61.25
2018/2/9,62.08,63.99,64.2,58.95
2018/2/8,63.05,68.66,69.72,62.92
2018/2/7,69,67.8,69.2,67.13
2018/2/6,66.79,65.04,67.24,64.7
2018/2/5,66.63,67.59,68.89,66.6
2018/2/2,68.75,69.69,70.39,68.1
2018/2/1,69.85,70.2,71.93,69.73
2018/1/31,70.86,69.5,71.24,69.04
2018/1/30,69.16,69.03,69.65,68.43
2018/1/29,69.91,67.97,70.17,67.66
2018/1/26,68.57,68.3,68.8,67.14
2018/1/25,67.53,69.65,69.84,67.28
2018/1/24,69.18,70.92,70.95,68.7
2018/1/23,70.56,72,72.1,70.2
2018/1/22,70.31,69.88,71.57,69.84
2018/1/19,70,69,70.12,68.52
2018/1/18,68.91,69.13,70.46,68.75
2018/1/17,69.43,68.09,69.8,67.95
2018/1/16,68.01,67.51,69,66.96
2018/1/12,67.24,67.73,68.08,66.73
2018/1/11,67.59,67.05,68.96,66.65
2018/1/10,66.96,66.44,67.4,66
2018/1/9,66.74,67.03,67.76,65.48
2018/1/8,67.28,63.2,67.4,63.1
2018/1/5,63.32,63.32,63.45,62.4
2018/1/4,62.92,62.57,63.71,61.14
2018/1/3,63.45,64.2,65.05,63.11
2018/1/2,64.11,62.4,64.42,62.2
2017/12/29,62.27,63.24,63.28,62
2017/12/28,63.07,62.35,63.16,61.91
2017/12/27,62.33,63.2,63.54,62.15
2017/12/26,63.46,64.77,64.79,63.32
2017/12/22,65.04,65.9,66.18,64.96
2017/12/21,66.33,65.92,66.75,65.44
2017/12/20,65.8,66.54,66.62,65.01
2017/12/19,66.22,68.05,68.3,66.06
2017/12/18,67.77,68.98,69.35,67.52
2017/12/15,68.69,68.41,68.78,67.15
2017/12/14,67.58,68.2,69.49,67.38
2017/12/13,67.81,68.19,68.84,67.3
2017/12/12,68.21,66.09,68.29,66.01
2017/12/11,65.78,62.93,65.8,62.75
2017/12/8,63.03,62.92,63.4,62.25
2017/12/7,62.25,62.4,63.73,62.21
2017/12/6,62.65,60.02,62.68,60
2017/12/5,60.74,60.4,61.6,60.2
2017/12/4,61.04,61.3,61.65,60.12
2017/12/1,61.31,61.09,62.06,61.01
2017/11/30,61.77,61.71,62.14,60.91
2017/11/29,61.51,63.46,63.6,60.25
2017/11/28,63.51,63.27,64,62.78
2017/11/27,63.36,62.65,63.47,61.9
2017/11/24,63.11,62.76,63.28,62.2
2017/11/22,62.52,63.35,63.48,62.37
2017/11/21,63.56,62.17,63.65,61.74
2017/11/20,61.75,62.76,63.1,60.95
2017/11/17,63.01,65.13,65.33,62.63
2017/11/16,62.5,62.8,63.63,62.26
2017/11/15,62.26,61.2,62.5,60.3
2017/11/14,61.74,63,63.27,61.38
2017/11/13,63.08,60.03,63.36,59.82
2017/11/10,60.6,60.5,61.67,60.37
2017/11/9,60.6,60.5,60.89,59.26
2017/11/8,60.88,61.1,61.38,60.26
2017/11/7,61.21,60.2,61.3,60.01
2017/11/6,60.56,61.4,61.5,59.8
2017/11/3,61.22,59.9,61.25,59.03
2017/11/2,59.85,60.03,61.74,58.53
2017/11/1,64.22,66.45,66.52,64.05
2017/10/31,66.31,64.05,66.39,64.04
2017/10/30,64.02,63.84,64.76,63.45
2017/10/27,64.17,63.95,64.92,63.33
2017/10/26,65.23,65.56,66.05,64.64
2017/10/25,65.17,67.34,67.5,64.71
2017/10/24,67.47,67.76,68.56,67.23
2017/10/23,67.4,69.98,69.99,67.25
2017/10/20,69.02,70.54,70.91,68.87
2017/10/19,70.36,71.11,71.43,69.64
2017/10/18,71.93,71.19,72.6,70.83
2017/10/17,71.15,70.18,71.24,70.01
2017/10/16,70.12,70.75,70.9,69.43
2017/10/13,71.11,71.4,71.7,70.74
2017/10/12,71.14,70.59,71.96,70.53
2017/10/11,70.92,70.78,71.52,70.23
2017/10/10,71.12,69.36,71.13,69.11
2017/10/9,68.59,69.93,70.35,68.53
2017/10/6,71.38,70.62,72.02,70.45
2017/10/5,71.07,71.2,71.49,70.27
2017/10/4,71,70.25,71.72,69.92
2017/10/3,69.63,67.18,69.71,66.26
2017/10/2,68.31,68.5,68.74,67.1
2017/9/29,68.22,68.37,68.94,67.72
2017/9/28,67.92,67.98,68.55,67.08
2017/9/27,68.19,69.98,70.3,68.1
2017/9/26,69.05,70.19,70.25,68.18
2017/9/25,69,70.63,71.49,68.58
2017/9/22,70.22,73.3,73.98,70.18
2017/9/21,73.3,74.98,75.37,72.9
2017/9/20,74.78,74.6,75.65,74.21
2017/9/19,75.02,76,76.48,74.71
2017/9/18,77,76.05,77.92,75.54
2017/9/15,75.96,74.9,76,74.54
2017/9/14,75.53,72.87,75.59,72.53
2017/9/13,73.25,72.76,73.61,71.92
2017/9/12,72.55,72.9,73.75,72.08
2017/9/11,72.74,70.27,72.74,70
2017/9/8,68.68,69.8,69.96,68.46
2017/9/7,70.12,69.2,70.5,68.69
2017/9/6,68.91,69.9,70.2,68.31
2017/9/5,69.92,70.76,71.1,69.18
2017/9/1,71.08,71.22,71.52,70.74
2017/8/31,71.18,70.71,71.69,70.56
2017/8/30,70.64,69.93,70.69,69.4
2017/8/29,69.47,67.9,69.81,67.75
2017/8/28,69.13,69.46,69.47,67.94
2017/8/25,69.61,70.85,71.14,69.46
2017/8/24,70.59,70.5,71.33,69.95
2017/8/23,70.55,67.8,70.7,67.66
2017/8/22,68.27,68.23,68.45,67.47
2017/8/21,67.57,69.16,69.16,66.37
2017/8/18,69.49,70.58,70.8,69.16
2017/8/17,70.38,72.24,72.66,70.32
2017/8/16,72.58,72.6,73.3,72.5
2017/8/15,72.47,73.04,73.1,71.87
2017/8/14,72.76,72.93,73.53,72.52
2017/8/11,71.57,71.39,72.25,70.72
2017/8/10,71.08,72.32,73.33,70.93
2017/8/9,72.71,72.2,74,71.79
2017/8/8,73.04,71.51,73.72,71.48
2017/8/7,71.03,71.47,71.9,70.55
2017/8/4,71.38,69.4,71.45,68.66
2017/8/3,69.42,69.07,70,68.63
2017/8/2,65.18,63.79,65.42,62.24
2017/8/1,63.91,64.6,64.89,63.23
2017/7/31,64.69,67.1,68.3,64.21
2017/7/28,67.01,67.38,67.92,66.5
2017/7/27,66.89,69.2,69.5,65.26
2017/7/26,68.77,68.07,69.1,67.62
2017/7/25,67.92,69,69.12,66.83
2017/7/24,68.5,66.05,68.68,66
2017/7/21,65.68,65.89,66.25,65.16
2017/7/20,65.98,65.38,66.04,64.84
2017/7/19,65.05,65.65,66.33,64.64
2017/7/18,65.65,63.5,65.83,63.13
2017/7/17,63.91,65.11,65.42,62.69
2017/7/14,65.56,64.64,65.68,64.24
2017/7/13,64.68,66.02,66.32,63.99
2017/7/12,65.9,66.08,66.62,64.9
2017/7/11,65.44,63.2,65.46,62.86
2017/7/10,63.21,62.58,63.59,60.63
2017/7/7,62.64,62.7,63.4,61.48
2017/7/6,61.77,63.45,64.16,61.26
2017/7/5,65.42,69.44,69.45,65.27
2017/7/3,70.52,74.05,74.27,70.3
2017/6/30,72.32,72.74,73.35,71.92
2017/6/29,72.15,74.12,74.2,70.82
2017/6/28,74.25,73.34,74.35,72.5
2017/6/27,72.47,75.28,75.28,72.4
2017/6/26,75.5,77.34,77.39,74.62
2017/6/23,76.69,76.49,77.4,75.87
2017/6/22,76.52,75.6,77,74.71
2017/6/21,75.28,74.87,75.4,73.6
2017/6/20,74.45,75.33,75.78,73.95
2017/6/19,73.96,75,75.34,73.56
2017/6/16,74.28,75.59,75.6,74.02
2017/6/15,75.07,74.5,75.09,73.3
2017/6/14,76.13,76.22,76.85,75.26
2017/6/13,75.19,73.52,75.2,73.32
2017/6/12,71.8,71.6,72.9,70.12
2017/6/9,71.46,74.88,75.37,70.96
2017/6/8,74,72.75,74.38,72.04
2017/6/7,71.93,71.27,72.1,71.03
2017/6/6,70.57,68.94,71.9,67.99
2017/6/5,69.46,67.7,69.69,66.84
2017/6/2,67.97,67.95,68.58,67.19
2017/6/1,68.07,68.8,68.98,67.46
2017/5/31,68.2,67.54,68.58,67.03
2017/5/30,67.02,65.2,67.26,65.15
2017/5/26,65.03,63.46,65.1,63.26
2017/5/25,63.37,62.2,63.39,61.56
2017/5/24,62.04,61.3,62.2,61.08
2017/5/23,60.77,62.09,62.15,60.7
2017/5/22,62.07,62.56,62.87,61.36
2017/5/19,62.17,63.1,63.3,62.04
2017/5/18,62.61,61.4,62.79,61.06
2017/5/17,61.22,62.88,62.93,61.1
2017/5/16,63.4,63.52,64.01,63.03
2017/5/15,63.18,63.68,64.04,62.51
2017/5/12,64.96,65.1,65.4,64.31
2017/5/11,64.62,64.68,65.2,63.92
2017/5/10,65.04,64.31,65.1,63.62
2017/5/9,64.25,61.88,64.4,61.82
2017/5/8,61.44,62.18,62.76,61.16
2017/5/5,61.67,59.6,61.71,59.36
2017/5/4,59.09,61.49,61.55,58.15
2017/5/3,62.2,63.53,64.31,62.09
2017/5/2,63.78,64.8,65.53,63.31
2017/5/1,64.57,62.98,65.45,62.96
2017/4/28,62.81,61.97,62.96,61.6
2017/4/27,61.73,62.34,62.62,61.5
2017/4/26,62.03,62.47,62.9,61.8
2017/4/25,62.76,61.6,62.8,61.17
2017/4/24,61.61,61.84,62.11,61.2
2017/4/21,61.12,60.4,61.28,60.08
2017/4/20,60.5,61.3,61.83,60.05
2017/4/19,61.1,60.49,61.32,60.42
2017/4/18,60.05,59.94,60.17,59.58
2017/4/17,60.29,60.54,60.8,59.74
2017/4/13,60.8,59.34,61.48,59.06
2017/4/12,59.37,61.27,61.69,59.26
2017/4/11,61.74,62.68,62.69,61.1
2017/4/10,62.48,61.83,62.75,61.74
2017/4/7,60.51,59.5,60.54,59.43
2017/4/6,59.74,59.38,60.39,58.82
2017/4/5,59,60.41,60.98,58.84
2017/4/4,60.74,59.38,60.96,58.91
2017/4/3,59.7,57.38,59.8,56.92
2017/3/31,55.66,55.75,55.94,55.26
2017/3/30,55.58,55.61,56.4,55.44
2017/3/29,55.48,55.67,55.92,55.11
2017/3/28,55.49,55.4,56.14,55
2017/3/27,54.04,52.12,54.11,51.95
2017/3/24,52.63,51.14,52.78,51
2017/3/23,50.96,51.08,51.53,50.66
2017/3/22,51,50.31,51.01,50.1
2017/3/21,50.14,52.57,52.96,50.05
2017/3/20,52.38,52.12,52.91,51.76
2017/3/17,52.3,52.8,53.07,52.24
2017/3/16,52.41,52.48,53.15,51.81
2017/3/15,51.15,51.4,52.2,50.85
2017/3/14,51.6,49.22,51.62,49.2
2017/3/13,49.23,48.96,49.37,48.56
2017/3/10,48.74,49.24,49.3,48.6
2017/3/9,48.98,49.53,49.73,48.6
2017/3/8,49.37,49.4,50.01,49.06
2017/3/7,49.72,50.38,50.78,49.66
2017/3/6,50.24,49.58,50.34,49.5
2017/3/3,50.31,50.15,50.38,49.8
2017/3/2,50.1,49.94,50.66,49.65
2017/3/1,50,50.84,50.97,49.82
2017/2/28,50,48.84,50.2,48.78
2017/2/27,49.25,49.63,49.67,48.4
2017/2/24,51.4,50.53,51.65,50.04
2017/2/23,51.2,52.8,52.93,51.11
2017/2/22,54.7,56.06,56.69,54.52
2017/2/21,55.48,55.09,56.28,54.8
2017/2/17,54.45,53.16,54.58,52.83
2017/2/16,53.79,55.52,56,53.7
2017/2/15,55.95,56,56.45,55.29
2017/2/14,56.2,55.81,57.48,55.72
2017/2/13,56.12,54.15,56.16,54.1
2017/2/10,53.85,53.96,54.19,53.22
2017/2/9,53.84,53.25,54.24,53.23
2017/2/8,52.42,51.47,52.67,51.24
2017/2/7,51.5,51.64,52,51.28
2017/2/6,51.55,50.2,51.56,50.13
2017/2/3,50.27,50.38,50.44,49.94
2017/2/2,50.31,49.67,50.48,49.54
2017/2/1,49.85,50.61,50.64,49.81
2017/1/31,50.39,49.85,51.18,49.54
2017/1/30,50.13,50.51,51.06,49.42
2017/1/27,50.59,50.28,50.6,49.7
2017/1/26,50.5,50.86,51.15,50.15
2017/1/25,50.89,51.46,51.69,50.36
2017/1/24,50.92,50,50.96,49.93
2017/1/23,49.78,49.17,50.18,49.1
2017/1/20,48.95,49.09,49.2,48.6
2017/1/19,48.75,49.45,49.74,48.15
2017/1/18,47.67,47.33,47.94,47.12
2017/1/17,47.12,47.34,47.99,46.87
2017/1/13,47.55,46,47.57,45.92
2017/1/12,45.92,45.81,46.14,45.12
2017/1/11,45.95,45.81,46,45.34
2017/1/10,45.97,46.4,46.4,45.38
2017/1/9,46.26,45.79,46.38,45.6
2017/1/6,45.8,45.39,46.06,45.09
2017/1/5,45.35,45.28,45.5,44.39
2017/1/4,45.4,42.95,45.6,42.86
2017/1/3,43.4,42.97,44.07,42.19
2016/12/30,42.74,43.26,43.5,42.34
2016/12/29,42.94,43.71,43.84,42.82
2016/12/28,43.95,44.31,44.76,43.44
2016/12/27,43.91,42.98,44.45,42.88
2016/12/23,42.67,41.6,42.69,41.54
2016/12/22,41.69,41.64,42,41.3
2016/12/21,41.54,41.69,42.45,41.48
2016/12/20,41.76,40.61,41.8,40.5
2016/12/19,40.55,40.5,40.89,39.97
2016/12/16,40.5,39.62,40.52,39.52
2016/12/15,39.52,39.68,40.15,39.48
2016/12/14,39.74,39.75,40.6,39.35
2016/12/13,39.63,38.64,40.26,38.6
2016/12/12,38.49,38.56,38.88,38.21
2016/12/9,38.44,38.17,38.77,38.16
2016/12/8,38.46,38.41,38.5,37.91
2016/12/7,38.63,37.23,38.68,37
2016/12/6,37.17,37.1,37.32,36.54
2016/12/5,37.36,36.5,37.78,36.5
2016/12/2,36.29,36.58,36.98,36
2016/12/1,36.38,37.65,37.71,36.2
2016/11/30,37.88,38.2,38.38,37.5
2016/11/29,37.91,39.11,39.35,37.9
2016/11/28,39.22,39.1,39.87,38.91
2016/11/25,39.33,38.73,39.45,38.73
2016/11/23,38.63,38.12,39.13,37.8
2016/11/22,38.23,37.17,38.29,36.74
2016/11/21,36.9,37.01,37.78,36.88
2016/11/18,37,38.13,38.6,37
2016/11/17,37.73,36.7,37.9,36.42
2016/11/16,36.79,36.53,36.95,36.24
2016/11/15,36.75,36.56,37.29,36.41
2016/11/14,36.29,37.6,37.65,35.64
2016/11/11,37.71,36.85,37.78,36.6
2016/11/10,37.07,38.21,38.32,36.08
2016/11/9,38.01,37.38,38.4,36.79
2016/11/8,38.99,38.76,39.5,38.25
2016/11/7,38.64,38.72,38.86,38.01
2016/11/4,38.11,37.8,38.69,37.19
2016/11/3,37.48,37.8,38.29,37.41
2016/11/2,37.6,38.01,38.54,37.5
2016/11/1,38.16,39.61,39.7,37.62
2016/10/31,39.55,40.5,40.5,39.16
2016/10/28,39.99,40.8,41.06,39.97
2016/10/27,40.8,42.27,42.74,40.33
2016/10/26,40.45,40.2,40.64,40.02
2016/10/25,40.47,40.58,40.94,40.24
2016/10/24,40.55,40.2,40.79,40.05
2016/10/21,40.02,39.72,40.31,39.48
2016/10/20,39.82,40.42,40.6,39.41
2016/10/19,40.71,39.95,41.33,39.61
2016/10/18,39.82,39.2,39.89,38.65
2016/10/17,38.79,39.41,39.68,38.4
2016/10/14,39.3,40.13,40.29,39.26
2016/10/13,40.05,40.1,40.18,39.41
2016/10/12,40.3,40.19,40.78,40.08
2016/10/11,40.02,40.37,40.44,39.66
2016/10/10,40.19,40.27,40.83,39.93
2016/10/7,39.32,40.2,40.26,39.16
2016/10/6,40.2,40.49,40.84,40.04
2016/10/5,41.69,42.45,42.63,41.62
2016/10/4,42.28,42.62,42.66,41.76
2016/10/3,42.74,42.46,43.13,41.65
2016/9/30,40.81,40.44,41,39.91
2016/9/29,40.14,41.12,41.47,40.12
2016/9/28,41.25,41.5,41.65,41.05
2016/9/27,41.16,41.93,42,40.92
2016/9/26,41.8,41.3,42.2,41.3
2016/9/23,41.49,41.2,42.04,41.13
2016/9/22,41.29,41.28,41.46,40.6
2016/9/21,41.04,41.27,41.4,40.31
2016/9/20,40.93,41.37,41.55,40.78
2016/9/19,41.27,41.4,41.89,41
2016/9/16,41.08,40.08,41.14,39.8
2016/9/15,40.08,39.3,40.5,39.28
2016/9/14,39.28,39.15,39.58,38.97
2016/9/13,39.21,39.41,39.7,38.69
2016/9/12,39.66,39,40.27,38.82
2016/9/9,38.89,39.82,39.98,38.74
2016/9/8,39.47,39.91,39.98,39.27
2016/9/7,40.34,41.1,41.3,40.14
2016/9/6,40.57,39.8,40.65,39.8
2016/9/2,39.56,40.47,40.64,39.24
2016/9/1,40.15,41.8,42.22,40.1
2016/8/31,42.4,42.09,42.52,41.73
2016/8/30,42.27,43.22,43.22,42.1
2016/8/29,43.04,44.03,44.08,43
2016/8/26,44,44.43,44.57,43.76
2016/8/25,44.19,44.62,44.76,44.15
2016/8/24,44.52,45.41,45.43,44.44
2016/8/23,44.97,44.86,45.7,44.56
2016/8/22,44.59,44.83,45.02,44.54
2016/8/19,45,44.71,45.03,44.51
2016/8/18,44.7,44.76,45.13,44.46
2016/8/17,44.65,44.87,44.97,44.56
2016/8/16,44.72,45.1,45.44,44.68
2016/8/15,45.12,45.2,45.9,44.99
2016/8/12,45.12,45.08,45.33,44.81
2016/8/11,44.98,45.23,45.51,44.68
2016/8/10,45.13,45.65,45.97,44.92
2016/8/9,45.82,45.36,46.31,45.33
2016/8/8,45.23,45.6,45.92,45.22
2016/8/5,46.01,46,46.4,45.48
2016/8/4,46.12,45.14,46.17,44.41
2016/8/3,45.16,45.47,45.94,44.84
2016/8/2,45.44,45.87,45.97,44.28
2016/8/1,46,47.1,47.33,45.88
2016/7/29,46.96,46.14,47.06,46.05
2016/7/28,46.12,45.59,46.15,45.32
2016/7/27,45.7,45.87,46.67,45.38
2016/7/26,45.9,45.54,46,45.06
2016/7/25,46,44.45,46.28,44.27
2016/7/22,44.45,44.4,44.9,43.78
2016/7/21,44.1,45.2,45.57,43.82
2016/7/20,45.67,45.29,45.96,45
2016/7/19,45.05,45,45.82,44.95
2016/7/18,45.25,43.93,45.42,43.66
2016/7/15,44.08,44.5,44.55,43.93
2016/7/14,44.31,44.62,44.99,44.21
2016/7/13,44.51,45.1,45.12,44.06
2016/7/12,44.93,44.82,45.5,44.64
2016/7/11,44.96,43.99,45.36,43.9
2016/7/8,43.36,43.56,43.96,42.9
2016/7/7,43.19,42.62,43.62,42.6
2016/7/6,42.89,42,43.05,41.8
2016/7/5,42.8,41.95,42.91,41.6
2016/7/1,43.3,41.23,43.65,41.2
2016/6/30,42.46,42.59,42.7,41.8
2016/6/29,42.04,41.03,42.36,40.6
2016/6/28,40.36,40.38,40.81,39.88
2016/6/27,39.71,38.17,39.76,37.57
2016/6/24,38.63,38.01,39.02,37.95
2016/6/23,39.28,39.14,39.51,38.43
2016/6/22,39.33,39.89,41.19,39.15
2016/6/21,43.92,44.14,44.51,43.76
2016/6/20,43.94,43.9,44.75,43.65
2016/6/17,43.09,43.56,44,42.9
2016/6/16,43.59,43.48,43.61,42.7
2016/6/15,43.54,43.39,44.38,43.03
2016/6/14,42.99,43.78,44.44,42.51
2016/6/13,43.57,43.9,45.15,43.53
2016/6/10,43.76,45.48,45.59,43.68
2016/6/9,45.87,47,47.07,45.41
2016/6/8,47.1,46.76,48.17,46.52
2016/6/7,46.47,44.45,46.89,44.3
2016/6/6,44.14,43.6,44.18,43.09
2016/6/3,43.8,44,44.39,43.6
2016/6/2,43.79,43.92,43.98,43.42
2016/6/1,43.91,44.3,44.48,43.38
2016/5/31,44.65,44.61,44.95,44.3
2016/5/27,44.61,45,45.19,44.15
2016/5/26,45.02,44.1,45.05,43.81
2016/5/25,43.92,43.58,44.27,43.3
2016/5/24,43.58,43.32,43.75,43.04
2016/5/23,43.24,43.97,44.52,43.17
2016/5/20,44.06,43.4,44.11,43.27
2016/5/19,43.04,42.72,43.36,41.46
2016/5/18,42.23,41.83,43.06,41.55
2016/5/17,40.93,41.81,41.96,40.8
2016/5/16,41.66,41.63,42.63,41.58
2016/5/13,41.52,41.56,42.24,41.34
2016/5/12,41.46,42.29,42.33,40.73
2016/5/11,41.79,41.52,43.1,41.21
2016/5/10,41.74,41.51,41.89,41
2016/5/9,41.78,43.14,43.23,41.36
2016/5/6,42.99,42.17,43.27,41.62
2016/5/5,42.31,45.69,45.73,41.96
2016/5/4,44.51,46.06,46.89,44.08
2016/5/3,46.46,47.47,47.78,46.32
2016/5/2,48.36,48.3,48.64,46.96
2016/4/29,48.15,49.63,49.69,47.56
2016/4/28,49.54,49.97,50.69,49.49
2016/4/27,50.29,50.55,51,49.88
2016/4/26,50.75,50.41,51.15,49.88
2016/4/25,50.36,50.6,51.48,50.15
2016/4/22,50.75,49.78,50.8,49.14
2016/4/21,49.66,49.8,50.18,49.38
2016/4/20,49.99,49.25,50.73,48.3
2016/4/19,49.47,50.62,50.87,48.25
2016/4/18,50.78,50.45,51.66,50.33
2016/4/15,50.9,50.26,50.92,49.82
2016/4/14,50.37,50.6,51.37,50.21
2016/4/13,50.91,49.7,51.1,49.47
2016/4/12,49.56,49.9,50.36,48.73
2016/4/11,49.98,50.2,51.8,49.06
2016/4/8,50.01,52.1,52.16,49.6
2016/4/7,51.44,53.29,53.87,50.9
2016/4/6,53.08,50.79,53.55,50.69
2016/4/5,51.09,48.1,51.31,48
2016/4/4,49.4,49.82,50.42,48.73
2016/4/1,47.52,48.97,49.58,46.65
2016/3/31,45.95,45.87,47.48,45
2016/3/30,45.38,47.02,47.1,45.3
2016/3/29,46.03,45.98,46.48,45.07
2016/3/28,46.05,46.32,46.96,45
2016/3/24,45.55,43.16,45.78,43
2016/3/23,44.52,46.47,46.95,44.41
2016/3/22,46.85,47.44,47.8,46.51
2016/3/21,47.66,47.07,47.98,47
2016/3/18,46.55,45.82,46.9,45.61
2016/3/17,45.28,44.29,45.7,44
2016/3/16,44.39,43.6,44.52,43.4
2016/3/15,43.67,42.85,43.79,42.3
2016/3/14,43.03,42.53,43.34,42.13
2016/3/11,41.5,41.59,41.88,41.07
2016/3/10,41.04,42,42.66,40.13
2016/3/9,41.74,40.9,41.87,40.56
2016/3/8,40.52,40.7,41.5,40.44
2016/3/7,41.06,39.54,41.94,39.48
2016/3/4,40.21,39.6,40.81,39.5
2016/3/3,39.15,37.66,39.48,36.84
2016/3/2,37.67,36.75,37.7,36.3
2016/3/1,37.27,38.85,39.19,36.54
2016/2/29,38.39,38.48,39.27,37.84
2016/2/27,190.35,190.35,190.35,190.35
2016/2/26,38.07,37.74,38.4,37
2016/2/25,37.49,35.73,37.7,35.04
2016/2/24,35.8,34.55,35.9,33.57
2016/2/23,35.44,35.23,36.35,34.74
2016/2/22,35.55,34.02,35.78,33.97
2016/2/19,33.32,32.73,33.5,32.5
2016/2/18,33.35,34.48,34.59,32.95
2016/2/17,33.74,31.8,33.87,31.34
2016/2/16,31.03,31.74,32.59,30.82
2016/2/12,30.21,31,31.4,28.74
2016/2/11,30.09,30.4,32.65,29.4
2016/2/10,28.73,30.1,30.99,28.35
2016/2/9,29.65,28.46,31.96,28.21
2016/2/8,29.6,31.42,31.43,29.2
2016/2/5,32.52,34.26,34.6,31.55
2016/2/4,35.07,34.14,35.2,33.4
2016/2/3,34.7,36.72,36.79,34.04
2016/2/2,36.56,38.48,38.62,36.05
2016/2/1,39.39,37.75,39.9,36.55
2016/1/29,38.24,37.99,38.75,37.62
2016/1/28,37.94,38.16,38.26,36.48
2016/1/27,37.61,38.48,38.65,37.15
2016/1/26,38.71,39.34,39.56,37.78
2016/1/25,39.28,40.01,40.71,39.18
2016/1/22,40.51,40.96,41.1,39.81
2016/1/21,39.99,40.31,40.65,39
2016/1/20,39.74,39.88,40.26,38.25
2016/1/19,40.94,41.74,42.09,40.16
2016/1/15,41,39.79,41.01,39.45
2016/1/14,41.24,40.44,42,38.68
2016/1/13,40.06,42.4,42.53,40
2016/1/12,41.99,42.32,42.75,41.06
2016/1/11,41.57,42.8,42.89,40.6
2016/1/8,42.2,43.57,44.09,42.15
2016/1/7,43.13,42.84,43.69,42.73
2016/1/6,43.81,44,44.01,43.2
2016/1/5,44.69,45.27,45.38,44
2016/1/4,44.68,46.14,46.28,43.8
2015/12/31,48,47.7,48.69,47.67
2015/12/30,47.62,47.32,48.73,47.13
2015/12/29,47.44,46.01,47.54,45.91
2015/12/28,45.79,46.3,46.4,45.11
2015/12/24,46.11,46.11,46.38,45.66
2015/12/23,45.94,46.44,46.69,45.63
2015/12/22,45.99,47,47.31,45.93
2015/12/21,46.51,46.34,47.17,46.22
2015/12/18,46.09,46.58,47.18,45.86
2015/12/17,46.68,46.79,47.55,45.96
2015/12/16,46.9,44.42,46.98,44.15
2015/12/15,44.22,44.36,44.44,43.6
2015/12/14,43.72,43.5,44.18,42.97
2015/12/11,43.4,45.05,45.15,43.33
2015/12/10,45.41,44.94,45.7,44.73
2015/12/9,44.9,45.34,45.5,44.14
2015/12/8,45.34,45.5,45.76,44.84
2015/12/7,46.23,45.54,47.13,45.23
2015/12/4,46.08,46.49,46.65,45.53
2015/12/3,46.54,47.1,47.49,46
2015/12/2,46.4,47.4,47.72,46.25
2015/12/1,47.44,46.21,47.6,46.21
2015/11/30,46.05,46.36,46.86,45.82
2015/11/27,46.32,46.21,46.45,45.4
2015/11/25,45.93,44.27,46.16,44.08
2015/11/24,43.65,43.07,44.2,43
2015/11/23,43.55,43.47,43.84,42.94
2015/11/20,44,44.7,45,42.72
2015/11/19,44.36,44.11,45.24,44.06
2015/11/18,44.21,42.9,44.28,42.5
2015/11/17,42.8,43.04,43.2,42.28
2015/11/16,42.86,41.22,43,41.16
2015/11/13,41.44,42.59,42.6,41.3
2015/11/12,42.59,43.57,43.8,42.53
2015/11/11,43.82,43.55,43.9,42.73
2015/11/10,43.3,44.7,44.74,43.22
2015/11/9,45.07,46.6,46.6,44.86
2015/11/6,46.47,46.14,46.67,45.9
2015/11/5,46.35,46.12,46.92,45.84
2015/11/4,46.33,45.4,46.55,45.04
2015/11/3,41.67,42.77,42.89,41.55
2015/11/2,42.76,41.78,43.16,41.44
2015/10/30,41.39,42.08,42.33,40.78
2015/10/29,42.33,42.35,42.75,42.13
2015/10/28,42.59,42.26,42.69,41.66
2015/10/27,42.07,42.97,43.42,41.5
2015/10/26,43.05,42.28,43.18,42
2015/10/23,41.82,43,43.07,41.54
2015/10/22,42.34,42.31,43.15,41.88
2015/10/21,42.02,42.4,42.96,41.76
2015/10/20,42.61,45.54,45.72,40.4
2015/10/19,45.62,45.3,46.23,44.99
2015/10/16,45.4,44.61,46.1,44.57
2015/10/15,44.26,43.29,44.35,42.74
2015/10/14,43.38,44.13,44.19,43.09
2015/10/13,43.85,42.66,44.5,42.23
2015/10/12,43.12,44.6,44.6,43.05
2015/10/9,44.14,44.19,44.87,43.67
2015/10/8,45.34,46.02,46.14,44.26
2015/10/7,46.39,47.33,47.54,45.82
2015/10/6,48.29,48,48.61,47.12
2015/10/5,49.23,49.77,49.97,48.83
2015/10/2,49.51,47.12,49.54,46.99
2015/10/1,47.98,49.5,49.7,47.43
2015/9/30,49.68,50.4,50.48,48.47
2015/9/29,49.33,50.09,50.95,49.09
2015/9/28,49.69,51.47,51.96,49.32
2015/9/25,51.38,53.32,53.38,51.23
2015/9/24,52.62,51.91,52.69,51.24
2015/9/23,52.21,52.39,52.42,51.52
2015/9/22,52.19,51.81,52.53,51.17
2015/9/21,52.84,52.8,54.31,51.16
2015/9/18,52.12,51.59,52.76,51.5
2015/9/17,52.41,52.79,53.1,52.14
2015/9/16,52.45,50.61,52.58,50.58
2015/9/15,50.71,50.55,50.92,49.9
2015/9/14,50.64,50.22,50.85,49.93
2015/9/11,50.05,49.53,50.05,48.95
2015/9/10,49.7,49.45,50.14,49.07
2015/9/9,49.78,50.41,50.85,49.66
2015/9/8,49.63,49.01,49.83,48.81
2015/9/4,48.39,48.18,48.82,47.64
2015/9/3,49.11,50.41,50.42,49
2015/9/2,49.54,49.06,49.58,47.96
2015/9/1,47.73,48.07,49.2,47.39
2015/8/31,49.81,49.12,50.99,49.1
2015/8/28,49.7,48.37,50.29,48.31
2015/8/27,48.6,46.2,48.95,46.16
2015/8/26,44.97,45.59,45.6,43.1
2015/8/25,44.01,46.1,46.18,43.82
2015/8/24,43.77,40.56,46.28,39
2015/8/21,46.15,47.2,48.76,46.1
2015/8/20,48.44,50.41,50.91,48.38
2015/8/19,51.05,52.07,52.13,51
2015/8/18,52.14,51.08,52.19,50.71
2015/8/17,51,51.11,51.32,50.1
2015/8/14,48.63,49.45,49.59,48.35
2015/8/13,48.5,47.97,49.3,47.82
2015/8/12,47.63,47,47.95,46.55
2015/8/11,47.47,47.43,47.86,46.89
2015/8/10,48.23,47.63,48.59,47.21
2015/8/7,48.5,48.72,48.75,47.68
2015/8/6,49.23,49.91,51,47.22
2015/8/5,54.03,52.72,54.2,52.08
2015/8/4,53.26,52,53.34,51.67
2015/8/3,52,53.26,53.34,51.41
2015/7/31,53.23,53.52,53.87,53.02
2015/7/30,53.36,52.54,53.39,52.42
2015/7/29,52.76,52.85,53.58,52.4
2015/7/28,52.96,51.15,53.08,50.37
2015/7/27,50.6,52.49,52.89,50.16
2015/7/24,53.08,53.48,54.22,52.78
2015/7/23,53.44,53.93,53.98,53.05
2015/7/22,53.57,52.25,53.89,52.17
2015/7/21,53.35,54.01,54.7,53.31
2015/7/20,56.45,55,57.33,54.51
2015/7/17,54.93,54.5,55.11,53.65
2015/7/16,53.34,52.84,53.44,52.63
2015/7/15,52.63,53.35,53.5,52.42
2015/7/14,53.13,52.42,53.2,52.1
2015/7/13,52.43,52.45,52.51,51.21
2015/7/10,51.83,52.44,52.6,51.56
2015/7/9,51.58,51.82,52.59,51.36
2015/7/8,50.99,51.86,52.16,50.86
2015/7/7,53.58,55,55.04,52.15
2015/7/6,55.94,55.78,56.34,55.26
2015/7/2,56,56.04,56.49,54.66
2015/7/1,53.83,54.22,54.52,53.57
2015/6/30,53.65,52.96,54.18,52.8
2015/6/29,52.4,52.39,53.19,52.14
2015/6/26,53.42,53.78,53.82,53.2
2015/6/25,53.76,53.29,54.28,53.05
2015/6/24,53.03,53.4,53.47,52.74
2015/6/23,53.53,52.06,53.6,51.71
2015/6/22,51.96,52.43,52.88,51.14
2015/6/19,52.5,52.48,52.76,52.02
2015/6/18,52.38,52.4,52.69,52
2015/6/17,52.08,50.43,52.87,50.4
2015/6/16,50.62,50.03,50.69,49.82
2015/6/15,50.08,49.94,50.26,49.2
2015/6/12,50.14,50.04,50.69,50.04
2015/6/11,50.28,50.65,50.87,50.09
2015/6/10,50.14,50.38,50.8,49.7
2015/6/9,51.2,51.08,51.55,50.83
2015/6/8,51.26,50.17,51.75,50.06
2015/6/5,49.83,49.2,49.94,49.14
2015/6/4,49.18,49.5,49.86,49.14
2015/6/3,49.8,49.64,50.14,49.4
2015/6/2,49.67,49.78,49.88,49.26
2015/6/1,49.89,50.28,50.32,49.49
2015/5/29,50.16,50.2,50.57,49.89
2015/5/28,50.29,49.41,50.36,49.01
2015/5/27,49.49,49.7,49.9,49.11
2015/5/26,49.49,49.54,50.4,49.3
2015/5/22,49.55,49.08,49.72,49
2015/5/21,49.12,48.61,49.32,48.47
2015/5/20,48.87,49.43,49.55,48.27
2015/5/19,49.43,49.69,50.2,49.23
2015/5/18,49.75,49.4,49.98,49.2
2015/5/15,49.77,48.79,49.88,48.5
2015/5/14,48.82,48.96,48.98,48.25
2015/5/13,48.64,49.52,49.66,48.45
2015/5/12,48.95,48.02,49.27,47.64
2015/5/11,47.9,47.26,48.58,47.06
2015/5/8,47.32,47.2,47.68,46.74
2015/5/7,47.36,44.2,47.5,44.05
2015/5/6,46.09,46.82,46.89,45.64
2015/5/5,46.59,47.55,47.9,45.83
2015/5/4,46.1,45.64,46.95,45.42
2015/5/1,45.21,45.99,46.35,44.08
2015/4/30,45.21,46.08,46.58,45.03
2015/4/29,46.49,46.01,46.99,45.53
2015/4/28,46.1,46.95,47.1,45.61
2015/4/27,46.31,44.51,47.75,44.4
2015/4/24,43.69,44.1,44.16,43.6
2015/4/23,43.72,43.65,44.3,43.43
2015/4/22,43.89,42.5,44.38,42.34
2015/4/21,41.88,41.16,42.15,40.86
2015/4/20,41.05,41.36,41.57,40.77
2015/4/17,41.36,41,41.38,40.7
2015/4/16,41.34,41.54,41.83,41.26
2015/4/15,41.57,41.49,41.92,41.32
2015/4/14,41.49,41.71,41.9,41.1
2015/4/13,41.96,42.09,42.6,41.81
2015/4/10,42.18,41.97,42.33,41.8
2015/4/9,42.02,41.69,42.07,41.22
2015/4/8,41.53,41.64,42.18,41.17
2015/4/7,40.65,40.5,41.01,40.23
2015/4/6,40.62,39.6,41.55,39.5
2015/4/2,38.2,38.05,38.65,38
2015/4/1,37.52,37.74,38.46,37.21
2015/3/31,37.75,38.71,38.75,37.68
2015/3/30,38.11,37.17,38.45,36.36
2015/3/27,37,37.81,37.86,36.28
2015/3/26,38.08,38.78,38.96,37.94
2015/3/25,38.86,39.65,39.72,38.54
2015/3/24,40.34,40.32,40.76,39.95
2015/3/23,39.93,39.7,40.1,39.49
2015/3/20,39.62,39.49,39.8,39.12
2015/3/19,39.13,40.4,40.92,38.91
2015/3/18,40.14,38.99,40.18,38.62
2015/3/17,38.95,39.09,39.74,38.79
2015/3/16,39.14,38.4,39.18,37.96
2015/3/13,37.74,37.79,38.35,37.46
2015/3/12,38.21,38.75,38.89,37.95
2015/3/11,38.75,38.23,39.24,38.2
2015/3/10,38.06,37.69,38.7,37.52
2015/3/9,38.18,38.88,38.9,37.65
2015/3/6,38.78,39.84,40.15,38.43
2015/3/5,40.13,40.57,41.24,40.03
2015/3/4,40.49,39.85,40.5,39.44
2015/3/3,39.91,39.36,40.05,39.06
2015/3/2,39.47,40.54,40.67,39.16
2015/2/27,40.67,41.38,41.71,40.56
2015/2/26,41.44,40.8,42.22,40.44
2015/2/25,40.75,40.99,41.43,40.52
2015/2/24,40.82,41.46,41.46,40.34
2015/2/23,41.47,43.13,43.64,41.27
2015/2/20,43.42,42.16,43.52,41.96
2015/2/19,42.34,41,42.49,40.75
2015/2/18,40.89,40.83,41.23,40.52
2015/2/17,40.87,41.14,41.14,40.3
2015/2/13,40.75,40.58,41.2,40.18
2015/2/12,40.58,38.71,40.62,38.66
2015/2/11,42.56,42.44,42.95,41.46
2015/2/10,43.26,43.51,44.1,43
2015/2/9,43.5,43.08,43.59,42.4
2015/2/6,43.47,44.4,44.68,43.3
2015/2/5,44.2,43.98,45.1,43.93
2015/2/4,43.71,43.66,44.3,43.36
2015/2/3,43.67,42.64,44.07,42.25
2015/2/2,42.19,40.79,42.39,40.66
2015/1/30,40.72,40.79,41.49,40.6
2015/1/29,41.04,40.21,41.2,39.3
2015/1/28,39.87,41.22,41.27,39.68
2015/1/27,41.2,40.88,41.61,40.66
2015/1/26,41.31,40.37,41.72,40.21
2015/1/23,40.26,40.06,40.7,39.67
2015/1/22,40.32,39.4,40.65,39.04
2015/1/21,39.31,37.91,39.74,37.9
2015/1/20,38.39,38.77,38.82,37.41
2015/1/16,38.61,38.14,38.9,37.93
2015/1/15,38.37,38.9,39.15,38
2015/1/14,38.54,37.17,39.04,37
2015/1/13,40.85,40.66,41.52,40.18
2015/1/12,40.44,40.61,40.89,39.85
2015/1/9,41.33,41.78,42,40.99
2015/1/8,42.12,42.56,42.76,42
2015/1/7,42.19,42.67,42.96,41.96
2015/1/6,42.26,42.01,42.84,40.84
2015/1/5,42.02,42.91,43.3,41.43
2015/1/2,43.86,44.57,44.65,42.65
2014/12/31,44.48,44.62,45.14,44.45
2014/12/30,44.45,44.8,45.13,44.28
2014/12/29,45.14,45.38,45.58,44.8
2014/12/26,45.56,44.3,45.7,44.3
2014/12/24,44.45,43.95,44.5,43.85
2014/12/23,44.19,44.76,44.86,43.9
2014/12/22,44.52,44,44.81,43.65
2014/12/19,43.86,44.04,44.08,42.9
2014/12/18,43.65,42.48,43.69,42.36
2014/12/17,41.16,38.61,41.33,38.53
2014/12/16,39.56,40.18,40.74,39.07
2014/12/15,40.81,41.86,41.96,40.53
2014/12/12,41.4,40.96,42.34,40.9
2014/12/11,41.78,42.11,43.09,41.65
2014/12/10,41.97,42.83,43.35,41.54
2014/12/9,43.38,41.87,43.55,40.85
2014/12/8,42.87,44.31,44.97,42.47
2014/12/5,44.74,45.73,45.88,44.45
2014/12/4,45.66,45.72,46.18,45.56
2014/12/3,45.86,45.25,45.94,45.1
2014/12/2,46.29,46.91,47.5,45.6
2014/12/1,46.33,48.23,48.49,45.8
2014/11/28,48.9,49.07,49.34,48.5
2014/11/26,49.69,49.67,49.8,49.32
2014/11/25,49.62,49.47,49.94,49.22
2014/11/24,49.34,49.04,49.52,48.13
2014/11/21,48.56,50.44,50.56,48.43
2014/11/20,49.74,49.59,50.19,49.2
2014/11/19,49.55,50.12,50.38,49.12
2014/11/18,51.54,51.17,52,51.1
2014/11/17,50.8,51.5,51.8,50.4
2014/11/14,51.74,50,51.77,49.7
2014/11/13,50.34,50.12,51.15,50.05
2014/11/12,49.82,49.94,50.47,49.12
2014/11/11,50.22,48.51,50.36,48.4
2014/11/10,48.39,47.82,48.58,47.36
2014/11/7,48.04,48.44,48.57,47.44
2014/11/6,48.24,46.9,49.34,45.7
2014/11/5,46.19,48.2,48.27,46.11
2014/11/4,47.79,48.1,48.47,47.31
2014/11/3,48.52,48.6,49.51,48.26
2014/10/31,48.34,48.5,48.62,47.75
2014/10/30,47.73,47.63,48.1,47.01
2014/10/29,47.62,48.23,48.3,47.13
2014/10/28,48.55,45.92,48.92,45.65
2014/10/27,44.33,46.85,46.92,44.06
2014/10/24,47.05,47.25,47.56,46.24
2014/10/23,47.06,46.93,47.26,46.4
2014/10/22,46.22,46.64,47.48,46.11
2014/10/21,47.07,46.85,47.08,46.16
2014/10/20,46.09,45.34,46.48,45.1
2014/10/17,45.5,46.68,46.95,45.31
2014/10/16,45.27,43.94,45.98,43.82
2014/10/15,45.94,44,46.2,43.46
2014/10/14,45.41,45.65,46.49,44.6
2014/10/13,44.92,47.71,47.79,44.2
2014/10/10,47.38,48.93,49.18,47.04
2014/10/9,51.4,52.45,53.11,50.88
2014/10/8,51.86,52.02,52.58,50.53
2014/10/7,51.91,51.71,52.29,51.15
2014/10/6,52.12,51.83,52.5,51.56
2014/10/3,51.04,50.61,51.3,50.21
2014/10/2,50.28,50.04,50.56,49.07
2014/10/1,48.05,48.44,48.53,47.13
2014/9/30,48.54,49.38,49.53,48.02
2014/9/29,49.05,48.8,49.73,48.28
2014/9/26,49.32,49.65,49.95,49.21
2014/9/25,49.39,50.5,50.99,49.22
2014/9/24,50.43,50.22,50.57,49.41
2014/9/23,50.08,49.04,50.76,49
2014/9/22,50.01,51,51.2,48.94
2014/9/19,51.86,51.6,52.29,51.05
2014/9/18,52.76,52.67,53.12,52.46
2014/9/17,52.28,52.48,52.94,51.9
2014/9/16,52.15,51.03,52.49,50.48
2014/9/15,50.77,54.87,54.88,49.83
2014/9/12,55.84,56.1,56.48,55.4
2014/9/11,56.06,56.09,56.96,55.73
2014/9/10,56.22,55.9,56.28,54.73
2014/9/9,55.7,56.6,57.1,55.4
2014/9/8,56.42,55.52,56.98,55.5
2014/9/5,55.48,56.51,56.58,54.5
2014/9/4,57.21,56.8,58.28,56.08
2014/9/3,56.24,57.53,57.6,56.02
2014/9/2,56.82,55.1,56.98,54.86
2014/8/29,53.94,53.74,54.4,53.5
2014/8/28,52.77,52.38,52.9,52.33
2014/8/27,52.65,52.7,52.85,52.06
2014/8/26,52.35,53,53.1,52.33
2014/8/25,52.51,51.64,52.74,51.64
2014/8/22,51.36,50.91,51.39,50.52
2014/8/21,50.87,51.3,51.76,50.65
2014/8/20,51.14,50.93,51.75,50.6
2014/8/19,51.35,51.77,51.87,50.32
2014/8/18,51.99,52.65,53.45,51.95
2014/8/15,52.4,52.3,52.42,51.7
2014/8/14,52.28,52.5,52.6,51.3
2014/8/13,52.06,52.4,53.13,51.92
2014/8/12,51.99,51.62,52.06,50.92
2014/8/11,51.86,51.1,52.75,51
2014/8/8,49.63,50.23,50.35,49.3
2014/8/7,50.48,50.02,51.34,49.82
2014/8/6,49.79,47.78,50.28,47.72
2014/8/5,47.7,47.49,48.6,47.14
2014/8/4,47.7,46.88,48.1,46.65
2014/8/1,46.65,45.22,47.5,45.2
2014/7/31,44.66,45.85,46.28,44.3
2014/7/30,45.78,44.38,45.92,44.21
2014/7/29,45,45.32,45.66,44.97
2014/7/28,44.96,44.85,46.4,44.28
2014/7/25,44.71,44.54,45.39,44.35
2014/7/24,44.71,44.65,45.02,44.16
2014/7/23,44.5,44,44.95,43.89
2014/7/22,43.92,44.44,44.66,43.82
2014/7/21,44.11,43.45,44.64,43.34
2014/7/18,44,43.19,44.24,43.19
2014/7/17,43.08,43.23,44.11,42.72
2014/7/16,43.43,44.36,44.96,43.36
2014/7/15,43.92,45.35,45.53,43.62
2014/7/14,45.34,44,45.76,43.09
2014/7/11,43.63,44.12,44.32,43.52
2014/7/10,43.89,43.44,44.44,43.21
2014/7/9,44.61,44.25,44.84,43.84
2014/7/8,43.81,43.73,44.19,42.85
2014/7/7,44.53,45.5,45.96,44.08
2014/7/3,45.85,46.26,46.38,44.8
2014/7/2,45.88,48.13,48.47,45.41
2014/7/1,47.94,48.49,48.69,47.74
2014/6/30,48.01,47.91,48.9,47.8
2014/6/27,47.81,46.94,48,46.9
2014/6/26,47.12,47.43,48.08,46.84
2014/6/25,47.38,46.61,47.51,46.05
2014/6/24,46.5,47.79,48.38,46.33
2014/6/23,47.44,45.9,47.8,45.64
2014/6/20,45.92,45.7,46.26,45.24
2014/6/19,45.56,45.78,47.06,45.4
2014/6/18,45.42,46.3,46.34,45.22
2014/6/17,46.33,44.82,47.11,44.57
2014/6/16,44.92,41.35,45.1,41.25
2014/6/13,41.28,40.96,41.36,40.32
2014/6/12,40.7,41.02,41.98,40.54
2014/6/11,40.89,40.3,41,39.85
2014/6/10,40.46,40.89,41.39,40.31
2014/6/9,41.06,41.59,42,40.84
2014/6/6,41.63,41.95,42.16,41.44
2014/6/5,41.38,40.89,41.84,40.81
2014/6/4,40.8,40.87,41.25,40.08
2014/6/3,40.99,40.7,41.6,40.52
2014/6/2,40.94,41.47,41.87,40.33
2014/5/30,41.55,42.06,42.96,41.4
2014/5/29,42.05,42.11,42.5,41.54
2014/5/28,42.05,42,42.55,41.05
2014/5/27,42.31,41.7,42.77,41.54
2014/5/23,41.46,40.91,41.55,40.5
2014/5/22,40.98,40.07,41.38,39.91
2014/5/21,39.89,39.24,39.97,38.96
2014/5/20,39.06,39.39,39.87,38.61
2014/5/19,39.22,38.14,39.38,38
2014/5/16,38.31,37.79,38.41,37.54
2014/5/15,37.72,38,38.53,37.06
2014/5/14,38.12,37.79,38.7,37.42
2014/5/13,38.03,36.75,38.27,36.6
2014/5/12,36.93,36.77,37.44,35.98
2014/5/9,36.45,35.97,36.68,35.44
2014/5/8,35.72,36.4,38.88,35.6
2014/5/7,40.27,41.93,42.04,39.45
2014/5/6,41.46,43.32,43.73,41.37
2014/5/5,43.32,41.9,43.54,41.7
2014/5/2,42.18,41.72,42.27,41.3
2014/5/1,41.55,41.42,42.8,41.14
2014/4/30,41.58,40.72,41.63,40.26
2014/4/29,41.38,39.64,41.43,39.11
2014/4/28,39.7,40,40.76,38.1
2014/4/25,39.97,40.4,41.34,39.53
2014/4/24,41.57,42.16,42.56,40.64
2014/4/23,41.6,43.27,43.35,41.4
2014/4/22,43.73,41.27,43.87,41
2014/4/21,40.88,39.42,41.24,38.8
2014/4/17,39.62,39.92,40.46,38.82
2014/4/16,39.82,39.4,40,38.16
2014/4/15,38.78,39.82,39.86,36.86
2014/4/14,39.62,41.52,41.69,38.88
2014/4/11,40.76,40.12,41.4,39.72
2014/4/10,40.84,43.36,43.5,40.76
2014/4/9,43.39,43.35,43.69,42.18
2014/4/8,43.09,42.01,43.3,41.28
2014/4/7,41.5,41.16,43.24,40.7
2014/4/4,42.45,45.2,45.65,42.25
2014/4/3,45.08,46.06,47.15,44.4
2014/4/2,46.06,44,46.18,43.61
2014/4/1,43.39,41.8,43.63,41.72
2014/3/31,41.69,43.3,43.35,41.28
2014/3/28,42.47,42.56,43.34,42.05
2014/3/27,41.46,42.47,42.72,40.6
2014/3/26,42.59,44.39,44.52,42.27
2014/3/25,44.09,44.83,45.41,43.58
2014/3/24,44.03,45.95,45.98,42.05
2014/3/21,45.78,47.2,47.24,45.5
2014/3/20,46.98,47.23,47.85,46.67
2014/3/19,47.17,48.28,48.31,46.7
2014/3/18,48.01,47.39,48.3,47
2014/3/17,46.8,46.99,47.59,46.1
2014/3/14,46.19,47.06,47.39,45.66
2014/3/13,47.56,48.76,48.84,46.8
2014/3/12,48.3,46.3,49.5,46.22
2014/3/11,46.88,47.3,48.92,46.49
2014/3/10,47.77,48.54,48.6,47.21
2014/3/7,49.24,50.59,50.97,48.88
2014/3/6,50.59,50.83,51.5,49.89
2014/3/5,50.53,51.34,51.4,50.36
2014/3/4,50.97,51.7,52,50.57
2014/3/3,50.11,47.45,50.33,47
2014/2/28,48.96,49.93,50.54,48.51
2014/2/27,50.51,52.25,52.38,49.67
2014/2/26,50.6,51.72,53,49.5
2014/2/25,49.6,46,51.84,45.69
2014/2/24,43.53,41.75,43.67,41.66
2014/2/21,41.92,42.33,42.8,41.84
2014/2/20,41.99,43,43.04,41.25
2014/2/19,38.73,40.74,40.74,38.68
2014/2/18,40.74,41.05,41.2,40.27
2014/2/14,39.65,39.62,40.38,39.4
2014/2/13,39.93,38.67,40.54,38.65
2014/2/12,39.06,39.16,39.65,38.86
2014/2/11,39.32,39.79,40.44,38.54
2014/2/10,39.31,37.87,39.86,37.86
2014/2/7,37.31,36.2,37.33,35.92
2014/2/6,35.68,35.26,36.02,35.2
2014/2/5,34.88,35.66,36.12,33.87
2014/2/4,35.75,36.14,36.32,35.24
2014/2/3,35.42,36.58,36.98,35.03
2014/1/31,36.28,35.77,37.2,35.7
2014/1/30,36.57,35.6,36.96,35.4
2014/1/29,35.05,35.06,35.82,34.63
2014/1/28,35.68,34.3,35.8,34.2
2014/1/27,33.92,35.03,35.58,32.94
2014/1/24,34.92,35.57,36.1,34.71
2014/1/23,36.3,35.45,36.48,34.68
2014/1/22,35.71,35.56,36.06,34.95
2014/1/21,35.34,34.25,35.46,34.16
2014/1/17,34,34.04,34.64,33.59
2014/1/16,34.19,32.5,34.54,32.48
2014/1/15,32.83,33.69,34.45,32.42
2014/1/14,32.25,28.1,32.4,27.33
2014/1/13,27.87,29.16,29.4,27.56
2014/1/10,29.14,29.69,29.78,28.45
2014/1/9,29.51,30.5,30.69,29.37
2014/1/8,30.26,29.77,30.74,29.75
2014/1/7,29.87,29.52,30.08,29.05
2014/1/6,29.4,30,30.08,29.05
2014/1/3,29.91,30,30.44,29.72
2014/1/2,30.02,29.96,30.5,29.31
2013/12/31,30.09,30.46,30.64,29.73
2013/12/30,30.49,30.22,30.96,30.15
2013/12/27,30.22,31.06,31.1,30.16
2013/12/26,31.1,31.01,31.6,30.86
2013/12/24,30.28,30,30.99,29.96
2013/12/23,28.71,28.97,29.25,28.52
2013/12/20,28.65,28.32,28.87,28.32
2013/12/19,28.14,29.38,29.4,27.82
2013/12/18,29.6,30.45,30.98,29.19
2013/12/17,30.49,29.52,30.93,29.26
2013/12/16,29.59,29.7,30.09,29.22
2013/12/13,29.53,29.61,30.36,29.46
2013/12/12,29.49,27.94,29.65,27.71
2013/12/11,27.93,28.38,28.61,27.9
2013/12/10,28.44,28.01,29.17,27.97
2013/12/9,28.32,27.4,28.34,26.84
2013/12/6,27.47,28.3,28.5,27.26
2013/12/5,28.1,28.03,28.67,27.9
2013/12/4,27.79,28.86,28.89,27.43
2013/12/3,28.94,26.54,28.99,26.32
2013/12/2,24.83,25.27,25.71,24.79
2013/11/29,25.46,25.95,26.12,25.4
2013/11/27,25.39,24.26,25.39,23.9
2013/11/26,24.1,23.88,24.54,23.22
2013/11/25,24.17,24.9,25.17,24.06
2013/11/22,24.28,24.32,24.55,23.59
2013/11/21,24.42,24.58,24.96,24.05
2013/11/20,24.22,25.22,25.49,23.81
2013/11/19,25.22,23.89,25.8,23.84
2013/11/18,24.32,27.05,27.09,23.92
2013/11/15,27.09,27.37,27.59,26.87
2013/11/14,27.52,27.78,28.08,26.82
2013/11/13,27.74,28.17,28.47,27.27
2013/11/12,27.56,28.94,28.94,27.24
2013/11/11,28.94,28.2,29.08,27.42
2013/11/8,27.59,27.3,28.12,26.46
2013/11/7,27.95,28.84,29.13,27.52
2013/11/6,30.23,30.96,32.15,29.27
2013/11/5,35.36,36,36.29,34.27
2013/11/4,35.04,33,35.08,32.84
2013/11/1,32.43,32.6,33.18,32.08
2013/10/31,31.99,31.13,32.49,30.66
2013/10/30,31.84,32.93,33.54,31.63
2013/10/29,32.89,32.55,33.09,30.6
2013/10/28,32.57,34.04,34.1,32.44
2013/10/25,33.93,34.84,34.9,33.36
2013/10/24,34.63,33,34.9,32.57
2013/10/23,32.9,33.78,34.36,32.03
2013/10/22,34.31,34.1,35.56,33.22
2013/10/21,34.52,36.66,36.68,34.2
2013/10/18,36.68,36.83,37.19,36.5
2013/10/17,36.56,36.71,36.96,36.2
2013/10/16,36.71,36.98,37.46,36.42
2013/10/15,36.79,37.06,37.76,36.64
2013/10/14,35.94,35,36.5,34.83
2013/10/11,35.74,34.55,35.86,34.24
2013/10/10,34.59,34.62,35.15,33.94
2013/10/9,33.76,34.95,35,32.3
2013/10/8,34.95,36.88,37.19,34.64
2013/10/7,36.61,36.49,37.35,36.05
2013/10/4,36.2,35.28,36.24,34.53
2013/10/3,34.66,35.01,35.94,33.6
2013/10/2,36.19,37.72,38.37,35.08
2013/10/1,38.6,38.79,38.85,37.67
2013/9/30,38.67,37.8,38.9,37.6
2013/9/27,38.18,37.5,38.26,37.29
2013/9/26,37.73,37.34,37.94,37.12
2013/9/25,37.05,36.71,37.26,36.1
2013/9/24,36.47,35.83,36.99,35.53
2013/9/23,36.22,36.9,37.1,35.42
2013/9/20,36.68,35.78,37.17,35.71
2013/9/19,35.58,34.16,36.09,33.82
2013/9/18,33.24,33.41,33.49,32.84
2013/9/17,33.25,33.02,33.68,32.67
2013/9/16,33.32,33.6,34.17,33.17
2013/9/13,33.11,32.55,33.27,32.43
2013/9/12,32.99,32.8,33.35,32.1
2013/9/11,32.7,33.28,33.58,32.43
2013/9/10,33.27,32.29,33.5,32.13
2013/9/9,32.14,32.62,32.9,31.7
2013/9/6,33.39,33.71,33.94,33.03
2013/9/5,33.99,34.02,34.3,33.65
2013/9/4,34.12,33.95,34.32,33.11
2013/9/3,33.79,34.68,34.74,33.28
2013/8/30,33.8,33.27,33.84,32.79
2013/8/29,33.21,32.84,33.55,32.5
2013/8/28,33.29,33.81,34.3,32.65
2013/8/27,33.4,32.46,33.76,32.19
2013/8/26,32.84,33.03,34.6,32.05
2013/8/23,32.37,31.4,32.46,31
2013/8/22,31.42,29.84,31.5,29.63
2013/8/21,29.57,30,30.06,29.25
2013/8/20,29.92,29.73,29.96,29.4
2013/8/19,28.98,28.69,29.48,28.57
2013/8/16,28.4,28.33,28.78,28.19
2013/8/15,27.93,27.29,28.72,27
2013/8/14,27.87,28.54,28.97,27.61
2013/8/13,29.09,29.9,29.97,28.89
2013/8/12,29.48,29.89,30.1,28.41
2013/8/9,30.6,30.48,31.19,30.25
2013/8/8,30.7,30.87,31.78,30.09
2013/8/7,26.85,28.38,28.39,26.47
2013/8/6,28.43,28.95,29.15,28.22
2013/8/5,28.94,28,28.98,27.93
2013/8/2,27.6,26.92,27.65,26.72
2013/8/1,27.11,27,27.3,26.53
2013/7/31,26.86,26.51,27,26.29
2013/7/30,26.35,26.96,27.5,25.64
2013/7/29,26.92,25.86,27.07,25.65
2013/7/26,25.88,25.63,26.14,25.32
2013/7/25,24.81,24.08,24.95,24.04
2013/7/24,24.34,24.89,24.9,23.91
2013/7/23,24.55,24.8,25.11,24.36
2013/7/22,24.49,23.98,25.34,23.98
2013/7/19,23.94,23.7,24.11,23.3
2013/7/18,23.81,24.19,24.55,23.24
2013/7/17,24.05,21.3,24.32,20.9
2013/7/16,21.81,25.26,25.26,21.46
2013/7/15,25.45,26.61,26.65,25.36
2013/7/12,25.98,25.1,25.99,24.9
2013/7/11,25.12,24.98,25.22,24.47
2013/7/10,24.45,24.64,24.65,24.16
2013/7/9,24.69,24.93,25.06,24.38
2013/7/8,24.32,24.27,24.44,23.76
2013/7/5,24.02,23.66,24.06,23.14
2013/7/3,23.05,23.6,23.85,22.85
2013/7/2,23.56,23.65,24.38,23.1
2013/7/1,23.44,21.87,23.55,21.83
2013/6/28,21.47,21.71,21.89,21.34
2013/6/27,21.85,21.35,22.05,21.23
2013/6/26,21.14,20.76,21.17,20.53
2013/6/25,20.48,20.62,20.84,20.11
2013/6/24,20.3,19.3,20.57,19.06
2013/6/21,19.91,20.74,20.74,19.5
2013/6/20,20.13,20.93,21.43,19.89
2013/6/19,20.94,20.41,21.33,20.4
2013/6/18,20.68,20.35,20.8,19.84
2013/6/17,20.44,20.72,20.95,20.24
2013/6/14,20.06,20,20.5,19.87
2013/6/13,19.64,19.8,19.86,19.02
2013/6/12,19.55,19.36,20.1,19.15
2013/6/11,18.89,19.64,19.74,18.81
2013/6/10,20.01,19.79,20.5,19.71
2013/6/7,20.41,19.6,20.58,19.34
2013/6/6,19.47,19.05,19.85,19.02
2013/6/5,19.07,18.73,19.59,17.82
2013/6/4,18.97,18.55,19.28,18.48
2013/6/3,18.52,19.52,19.52,17.65
2013/5/31,19.55,21.25,21.29,19.55
2013/5/30,20.99,20.49,21.91,20.24
2013/5/29,20.93,22.71,22.98,19.8
2013/5/28,22.07,20.31,22.15,20.06
2013/5/24,19.42,18.52,19.59,18.4
2013/5/23,18.55,16.96,18.6,16.61
2013/5/22,17.45,17.27,18.19,17.1
2013/5/21,17.52,17.7,18,17.06
2013/5/20,17.99,18.22,18.5,17.73
2013/5/17,18.3,18.5,18.89,17.5
2013/5/16,18.45,18.94,19,17.73
2013/5/15,16.97,16.36,17.38,15.62
2013/5/14,16.65,18.84,19.42,16.23
2013/5/13,17.56,16.2,17.6,15.83
2013/5/10,15.35,13.93,16.2,13.85
2013/5/9,13.88,14.02,15.15,12.74
2013/5/8,11.16,11.5,11.64,11.14
2013/5/7,11.1,12.4,12.47,11.02
2013/5/6,11.9,11.28,11.93,11.1
2013/5/3,10.91,11.29,11.29,10.9
2013/5/2,10.82,10.77,11.05,10.74
2013/5/1,10.66,11.2,11.2,10.6
2013/4/30,10.8,11.2,11.64,10.75
2013/4/29,10.99,10.35,11,10.24
2013/4/26,10.24,10.63,10.75,10.12
2013/4/25,10.4,10.1,10.48,10.1
2013/4/24,10.09,10.18,10.21,9.8
2013/4/23,10.2,10.2,10.58,10.13
2013/4/22,10.04,9.72,10.04,9.55
2013/4/19,9.57,9.49,9.98,9.41
2013/4/18,9.39,9.2,9.52,9.08
2013/4/17,9.09,9.1,9.19,8.91
2013/4/16,9.12,8.84,9.23,8.78
2013/4/15,8.66,8.7,8.76,8.5
2013/4/12,8.75,8.65,9.03,8.61
2013/4/11,8.72,8.41,8.91,8.35
2013/4/10,8.37,8.14,8.4,8.12
2013/4/9,8.1,8.36,8.37,8.07
2013/4/8,8.37,8.39,8.51,8.3
2013/4/5,8.27,8.4,8.4,8.1
2013/4/4,8.4,8.22,8.45,8.16
2013/4/3,8.22,8.62,8.69,8.04
2013/4/2,8.87,8.72,9.1,8.7
2013/4/1,8.79,8.47,9.34,8.34
2013/3/28,7.58,7.65,7.65,7.55
2013/3/27,7.63,7.59,7.68,7.46
2013/3/26,7.57,7.6,7.64,7.53
2013/3/25,7.51,7.42,7.7,7.35
2013/3/22,7.32,7.24,7.36,7.24
2013/3/21,7.2,7.19,7.41,7.15
2013/3/20,7.19,7.05,7.21,7.03
2013/3/19,7.02,7.05,7.12,6.99
2013/3/18,7.03,7.06,7.21,6.98
2013/3/15,7.06,7.33,7.33,7.04
2013/3/14,7.37,7.78,7.78,7.35
2013/3/13,7.8,7.8,7.9,7.76
2013/3/12,7.82,7.78,7.88,7.77
2013/3/11,7.82,7.77,7.89,7.73
2013/3/8,7.69,7.61,7.89,7.47
2013/3/7,7.65,7.55,7.73,7.38
2013/3/6,7.54,7.4,7.58,7.39
2013/3/5,7.33,7.2,7.38,7.16
2013/3/4,7.12,6.95,7.17,6.94
2013/3/1,6.93,7,7.02,6.85
2013/2/28,6.97,7.18,7.22,6.87
2013/2/27,7.02,6.88,7.08,6.88
2013/2/26,6.89,6.89,6.99,6.76
2013/2/25,6.88,7.23,7.35,6.87
2013/2/22,7.22,7.14,7.28,7.12
2013/2/21,7.03,7.3,7.48,6.91
2013/2/20,7.71,7.86,7.93,7.69
2013/2/19,7.86,7.47,7.86,7.46
2013/2/15,7.41,7.7,7.7,7.39
2013/2/14,7.66,7.73,7.75,7.64
2013/2/13,7.69,7.66,7.8,7.61
2013/2/12,7.58,7.69,7.77,7.46
2013/2/11,7.68,7.6,7.83,7.5
2013/2/8,7.85,7.89,8,7.83
2013/2/7,7.9,7.84,7.94,7.79
2013/2/6,7.83,7.64,7.88,7.58
2013/2/5,7.63,7.6,7.73,7.54
2013/2/4,7.55,7.68,7.68,7.52
2013/2/1,7.66,7.63,7.7,7.52
2013/1/31,7.5,7.57,7.57,7.39
2013/1/30,7.5,7.57,7.6,7.49
2013/1/29,7.59,7.62,7.69,7.43
2013/1/28,7.61,7.37,7.74,7.37
2013/1/25,7.4,7.4,7.51,7.36
2013/1/24,7.4,7.2,7.54,7.17
2013/1/23,7.2,7,7.25,6.99
2013/1/22,7.04,6.91,7.11,6.85
2013/1/18,6.9,6.95,6.96,6.76
2013/1/17,6.88,6.83,6.97,6.78
2013/1/16,6.82,6.77,6.85,6.75
2013/1/15,6.78,6.62,6.85,6.62
2013/1/14,6.65,6.62,6.68,6.57
2013/1/11,6.58,6.81,6.81,6.42
2013/1/10,6.71,6.77,6.8,6.68
2013/1/9,6.73,6.8,6.84,6.68
2013/1/8,6.74,6.9,6.9,6.62
2013/1/7,6.87,6.96,6.96,6.78
2013/1/4,6.88,6.96,6.96,6.78
2013/1/3,6.95,7.04,7.09,6.95
2013/1/2,7.07,7,7.09,6.94
2012/12/31,6.77,6.6,6.79,6.6
2012/12/28,6.64,6.68,6.73,6.6
2012/12/27,6.74,6.7,6.78,6.6
2012/12/26,6.72,6.79,6.9,6.7
2012/12/24,6.86,6.73,6.87,6.71
2012/12/21,6.8,6.79,6.83,6.72
2012/12/20,6.89,6.9,6.96,6.81
2012/12/19,6.92,6.95,7.05,6.9
2012/12/18,6.92,6.85,7.01,6.85
2012/12/17,6.88,6.75,6.9,6.75
2012/12/14,6.76,6.76,6.88,6.72
2012/12/13,6.72,7.05,7.06,6.55
2012/12/12,7.05,7.04,7.16,6.99
2012/12/11,7.06,6.92,7.1,6.89
2012/12/10,6.91,6.89,6.96,6.84
2012/12/7,6.83,6.86,6.9,6.77
2012/12/6,6.78,6.76,6.96,6.7
2012/12/5,6.74,6.76,6.84,6.72
2012/12/4,6.78,6.82,6.96,6.71
2012/12/3,6.92,6.78,7,6.7
2012/11/30,6.76,6.73,6.86,6.6
2012/11/29,6.74,6.69,6.8,6.57
2012/11/28,6.65,6.4,6.86,6.38
2012/11/27,6.43,6.43,6.53,6.3
2012/11/26,6.45,6.42,6.46,6.32
2012/11/23,6.43,6.52,6.57,6.34
2012/11/21,6.49,6.52,6.69,6.46
2012/11/20,6.6,6.56,6.62,6.38
2012/11/19,6.58,6.41,6.65,6.37
2012/11/16,6.37,6.23,6.4,6.12
2012/11/15,6.16,6.26,6.29,6.1
2012/11/14,6.28,6.39,6.42,6.24
2012/11/13,6.32,6.26,6.4,6.14
2012/11/12,6.21,6.06,6.28,6.03
2012/11/9,6.06,6.12,6.19,5.97
2012/11/8,6.26,6.2,6.38,6.19
2012/11/7,6.31,6.2,6.41,6.16
2012/11/6,6.23,6.12,6.24,5.99
2012/11/5,6.3,5.96,6.32,5.87
2012/11/2,5.78,5.85,5.91,5.71
2012/11/1,5.85,5.65,5.9,5.64
2012/10/31,5.63,5.54,5.67,5.47
2012/10/26,5.48,5.51,5.56,5.4
2012/10/25,5.5,5.56,5.56,5.49
2012/10/24,5.48,5.7,5.7,5.45
2012/10/23,5.68,5.48,5.71,5.47
2012/10/22,5.57,5.6,5.6,5.47
2012/10/19,5.55,5.57,5.64,5.46
2012/10/18,5.61,5.8,5.8,5.56
2012/10/17,5.76,5.65,5.77,5.56
2012/10/16,5.61,5.53,5.62,5.47
2012/10/15,5.47,5.6,5.61,5.37
2012/10/12,5.53,5.66,5.75,5.5
2012/10/11,5.66,5.79,5.8,5.65
2012/10/10,5.68,5.68,5.74,5.6
2012/10/9,5.67,5.82,5.82,5.65
2012/10/8,5.85,5.77,5.88,5.72
2012/10/5,5.78,5.94,5.96,5.74
2012/10/4,5.88,6,6.02,5.73
2012/10/3,5.86,5.95,5.99,5.85
2012/10/2,5.96,5.86,5.98,5.8
2012/10/1,5.83,5.9,5.98,5.8
2012/9/28,5.86,5.75,5.98,5.72
2012/9/27,5.7,5.56,5.71,5.52
2012/9/26,5.51,5.53,5.68,5.5
2012/9/25,5.53,5.72,5.9,5.51
2012/9/24,6.13,5.9,6.21,5.88
2012/9/21,6,6.22,6.3,5.91
2012/9/20,6.18,6.19,6.3,6.14
2012/9/19,6.21,6.2,6.35,6.19
2012/9/18,6.27,6.38,6.38,6.14
2012/9/17,6.51,6.47,6.56,6.3
2012/9/14,6.08,6,6.13,5.93
2012/9/13,5.9,5.71,5.9,5.7
2012/9/12,5.66,5.58,5.72,5.56
2012/9/11,5.56,5.55,5.63,5.48
2012/9/10,5.47,5.84,5.87,5.46
2012/9/7,5.87,5.71,5.91,5.7
2012/9/6,5.71,5.6,5.78,5.58
2012/9/5,5.59,5.6,5.7,5.56
2012/9/4,5.63,5.7,5.8,5.58
2012/8/31,5.7,5.72,5.77,5.64
2012/8/30,5.68,5.72,5.75,5.62
2012/8/29,5.68,5.7,5.73,5.6
2012/8/28,5.74,5.68,5.88,5.6
2012/8/27,5.66,5.91,5.94,5.63
2012/8/24,5.9,6.01,6.05,5.88
2012/8/23,6.15,6,6.17,5.93
2012/8/22,5.99,5.8,6.01,5.8
2012/8/21,5.82,5.92,6,5.8
2012/8/20,5.9,6.03,6.08,5.82
2012/8/17,6,6.06,6.14,6
2012/8/16,6.06,5.91,6.08,5.9
2012/8/15,5.88,5.88,5.94,5.76
2012/8/14,5.88,6.15,6.23,5.85
2012/8/13,6.23,5.94,6.26,5.82
2012/8/10,5.99,5.86,5.99,5.86
2012/8/9,5.88,5.9,6,5.83
2012/8/8,5.82,5.98,6,5.72
2012/8/7,6.05,5.75,6.18,5.7
2012/8/6,5.65,5.51,5.74,5.51
2012/8/3,5.45,5.38,5.51,5.35
2012/8/2,5.22,5.37,5.37,5.1
2012/8/1,5.25,5.6,5.6,5.21
2012/7/31,5.48,5.51,5.59,5.47
2012/7/30,5.47,5.9,6.05,5.44
2012/7/27,5.9,5.74,5.93,5.62
2012/7/26,5.63,5.98,6,5.53
2012/7/25,5.79,5.98,6,5.75
2012/7/24,5.97,6.13,6.21,5.92
2012/7/23,6.13,6.21,6.26,6.12
2012/7/20,6.36,6.41,6.45,6.25
2012/7/19,6.45,6.54,6.63,6.41
2012/7/18,6.43,6.28,6.73,6.21
2012/7/17,6.67,7,7.04,6.48
2012/7/16,7.19,6.86,7.2,6.78
2012/7/13,6.85,6.59,6.88,6.57
2012/7/12,6.54,6.26,6.6,6.16
2012/7/11,6.3,6.31,6.34,6.2
2012/7/10,6.25,6.31,6.5,6.18
2012/7/9,6.3,6.19,6.37,6.13
2012/7/6,6.2,6.2,6.35,6.16
2012/7/5,6.25,6.16,6.33,6.16
2012/7/3,6.13,6.12,6.2,6.08
2012/7/2,6.08,6.27,6.36,6.04
2012/6/29,6.26,6.56,6.56,6.2
2012/6/28,6.28,6.38,6.42,6.12
2012/6/27,6.39,6.38,6.49,6.31
2012/6/26,6.32,6.41,6.47,6.28
2012/6/25,6.62,6.79,6.82,6.55
2012/6/22,6.76,6.52,6.8,6.49
2012/6/21,6.44,6.85,6.86,6.37
2012/6/20,6.76,6.7,6.9,6.64
2012/6/19,6.42,6.4,6.53,6.3
2012/6/18,6.37,5.99,6.47,5.9
2012/6/15,5.98,5.88,5.99,5.76
2012/6/14,5.88,6.04,6.13,5.72
2012/6/13,5.95,5.91,6.13,5.89
2012/6/12,5.93,5.85,5.97,5.76
2012/6/11,5.82,6.06,6.2,5.79
2012/6/8,6.02,5.77,6.04,5.63
2012/6/7,5.79,5.96,5.97,5.77
2012/6/6,5.84,5.64,5.89,5.63
2012/6/5,5.58,5.57,5.68,5.51
2012/6/4,5.58,5.61,5.68,5.42
2012/6/1,5.63,5.71,5.83,5.55
2012/5/31,5.9,6.01,6.06,5.75
2012/5/30,6.08,6.22,6.28,6.05
2012/5/29,6.34,6,6.39,6
2012/5/25,5.96,6.03,6.08,5.84
2012/5/24,6.06,6.25,6.25,5.94
2012/5/23,6.2,6.11,6.21,5.9
2012/5/22,6.16,6.02,6.27,6
2012/5/21,5.75,5.52,5.85,5.42
2012/5/18,5.51,5.67,5.69,5.37
2012/5/17,5.71,5.86,5.96,5.65
2012/5/16,5.84,5.92,6.04,5.78
2012/5/15,5.89,6.05,6.19,5.84
2012/5/14,6.01,6.38,6.43,6.01
2012/5/11,6.45,6.5,6.69,6.43
2012/5/10,6.59,6.59,6.94,6.48
2012/5/9,6.01,6.06,6.15,5.95
2012/5/8,6.04,6.5,6.55,5.87
2012/5/7,6.49,6.39,6.52,6.32
2012/5/4,6.37,6.46,6.49,6.28
2012/5/3,6.49,6.78,6.8,6.43
2012/5/2,6.79,6.7,6.88,6.68
2012/5/1,6.76,6.63,6.84,6.63
2012/4/30,6.63,6.65,6.67,6.52
2012/4/27,6.67,6.72,6.73,6.58
2012/4/26,6.7,6.59,6.7,6.58
2012/4/26,6.7,6.59,6.7,6.58
2012/4/26,6.7,6.59,6.7,6.58
2012/4/25,6.58,6.41,6.6,6.41
2012/4/24,6.36,6.36,6.44,6.2
2012/4/23,6.39,6.57,6.59,6.34
2012/4/20,6.63,6.63,6.75,6.59
2012/4/19,6.63,6.55,6.69,6.5
2012/4/18,6.53,6.42,6.55,6.31
2012/4/18,6.53,6.42,6.55,6.31
2012/4/18,6.53,6.42,6.55,6.31
2012/4/18,6.53,6.42,6.55,6.31
2012/4/18,6.53,6.42,6.55,6.31
2012/4/18,6.53,6.42,6.55,6.31
2012/4/18,6.53,6.42,6.55,6.31
2012/4/17,6.45,6.49,6.61,6.41
